scope,institution_a,tax_a,institution_b,tax_b,shared_projects,total_fundable_projects,normalized_weight,project_codes
Overall,Consiglio Nazionale delle Ricerche,80054330586,"Università degli Studi di ROMA ""La Sapienza""",80209930587,16,124,0.12903225806451613,2026P3TPWX; 2026P43HCN; 2026P7C5HF; 2026P8CJTH; 2026P8SB85; 2026P9XJJS; 2026PC7X2J; 2026PCPCC3; 2026PECJS5; 2026PH9WNA; 2026PJ528E; 2026PRWBFN; 2026PSJ7S2; 2026PW5A7S; 2026PWA7H5; 2026PXWX5Z
Overall,Università degli Studi di MILANO,80012650158,"Università degli Studi di ROMA ""La Sapienza""",80209930587,11,124,0.08870967741935484,2026P42P95; 2026P8SB85; 2026PECJS5; 2026PHMPHK; 2026PJYZXJ; 2026PLRFP7; 2026PP8FMT; 2026PPSM7R; 2026PS3E2E; 2026PWFFF4; 2026PZMLMW
Overall,Consiglio Nazionale delle Ricerche,80054330586,Politecnico di MILANO,80057930150,10,124,0.08064516129032258,2026P4W29P; 2026PC7X2J; 2026PJSZXF; 2026PLWK3R; 2026PMAYZE; 2026PNZE48; 2026PRWBFN; 2026PSLPF4; 2026PTCCMW; 2026PWELAN
Overall,Università degli Studi di TORINO,80088230018,"Università degli Studi di ROMA ""La Sapienza""",80209930587,10,124,0.08064516129032258,2026P3T2LW; 2026P8CJTH; 2026P8PA7E; 2026P94K5N; 2026PBPH3Z; 2026PECJS5; 2026PH9WNA; 2026PLRFP7; 2026PW5A7S; 2026PZH329
Overall,Politecnico di TORINO,00518460019,Consiglio Nazionale delle Ricerche,80054330586,9,124,0.07258064516129033,2026P7C5HF; 2026P9XJJS; 2026PB3CXT; 2026PBZJ8K; 2026PJSZXF; 2026PMAYZE; 2026PPRH89; 2026PSLPF4; 2026PYRZ2L
Overall,Università degli Studi di PADOVA,80006480281,Consiglio Nazionale delle Ricerche,80054330586,9,124,0.07258064516129033,2026P8SB85; 2026PB3CXT; 2026PC7X2J; 2026PCAZ2P; 2026PCK3FY; 2026PNZE48; 2026PSLPF4; 2026PWJ2BB; 2026PYRZ2L
Overall,Università degli Studi di PADOVA,80006480281,"Università degli Studi di ROMA ""La Sapienza""",80209930587,9,124,0.07258064516129033,2026P3LEPC; 2026P8SB85; 2026PC7X2J; 2026PJX9M8; 2026PLC5LA; 2026PLRFP7; 2026PNCHKR; 2026PP8FMT; 2026PPSM7R
Overall,Università degli Studi di Napoli Federico II,00876220633,Consiglio Nazionale delle Ricerche,80054330586,8,124,0.06451612903225806,2026P3TPWX; 2026PEPNKS; 2026PJM4N4; 2026PLWK3R; 2026PSJ7S2; 2026PW5A7S; 2026PWA7H5; 2026PWELAN
Overall,Università degli Studi di Napoli Federico II,00876220633,"Università degli Studi di ROMA ""La Sapienza""",80209930587,8,124,0.06451612903225806,2026P3TPWX; 2026P42P95; 2026PJX9M8; 2026PKHE87; 2026PNA3F7; 2026PSJ7S2; 2026PW5A7S; 2026PWA7H5
Overall,"Università degli Studi della Campania ""Luigi Vanvitelli""",02044190615,"Università degli Studi di ROMA ""La Sapienza""",80209930587,8,124,0.06451612903225806,2026P8WEEP; 2026PCPCC3; 2026PJ528E; 2026PML3R8; 2026PNA3F7; 2026PRZ3LH; 2026PW5A7S; 2026PWA7H5
Overall,Consiglio Nazionale delle Ricerche,80054330586,Università degli Studi di TORINO,80088230018,8,124,0.06451612903225806,2026P35NEJ; 2026P4W29P; 2026P8CJTH; 2026PECJS5; 2026PH9WNA; 2026PW5A7S; 2026PWJ2BB; 2026PYP5C3
Overall,Consiglio Nazionale delle Ricerche,80054330586,"Università degli Studi di ROMA ""Tor Vergata""",80213750583,8,124,0.06451612903225806,2026PBZJ8K; 2026PCAZ2P; 2026PEPNKS; 2026PJ528E; 2026PL4ZKA; 2026PPCYZY; 2026PWJ2BB; 2026PXWX5Z
Overall,Università di PISA,80003670504,"Università degli Studi di ROMA ""La Sapienza""",80209930587,7,124,0.056451612903225805,2026P392RW; 2026P8PA7E; 2026P94K5N; 2026PC7X2J; 2026PHMPHK; 2026PP8FMT; 2026PZH329
Overall,Università degli Studi di PADOVA,80006480281,Alma Mater Studiorum - Università di BOLOGNA,80007010376,7,124,0.056451612903225805,2026PCAZ2P; 2026PKHJA4; 2026PNCHKR; 2026PXAXAX; 2026PYRZ2L; 2026PZ8WMF; 2026PZNPN4
Overall,Università degli Studi di MILANO,80012650158,Consiglio Nazionale delle Ricerche,80054330586,7,124,0.056451612903225805,2026P32FB5; 2026P8SB85; 2026PBZJ8K; 2026PECJS5; 2026PLXLAZ; 2026PNT4XW; 2026PNZE48
Overall,"Università degli Studi di ROMA ""La Sapienza""",80209930587,"Università degli Studi di ROMA ""Tor Vergata""",80213750583,7,124,0.056451612903225805,2026P3T2LW; 2026PBPH3Z; 2026PHMPHK; 2026PJ528E; 2026PKHE87; 2026PP8FMT; 2026PXWX5Z
Overall,Università degli Studi di Napoli Federico II,00876220633,Università degli Studi di SALERNO,80018670655,6,124,0.04838709677419355,2026P42P95; 2026P5WRZ8; 2026PJM4N4; 2026PJMWPX; 2026PT4LAW; 2026PWTWM5
Overall,Università degli Studi di Napoli Federico II,00876220633,Università degli Studi di TORINO,80088230018,6,124,0.04838709677419355,2026P8B3F3; 2026P8R9FN; 2026P8W4MY; 2026PCC9XM; 2026PHKJ4C; 2026PW5A7S
Overall,Università degli Studi di FIRENZE,01279680480,Consiglio Nazionale delle Ricerche,80054330586,6,124,0.04838709677419355,2026P8SB85; 2026PFJ75P; 2026PFWNAH; 2026PH9WNA; 2026PTCCMW; 2026PYRZ2L
Overall,Università degli Studi di FIRENZE,01279680480,"Università degli Studi di ROMA ""La Sapienza""",80209930587,6,124,0.04838709677419355,2026P8783L; 2026P8SB85; 2026PH9WNA; 2026PKHE87; 2026PLC5LA; 2026PS3E2E
Overall,"Università degli Studi della Campania ""Luigi Vanvitelli""",02044190615,Consiglio Nazionale delle Ricerche,80054330586,6,124,0.04838709677419355,2026PCK3FY; 2026PCPCC3; 2026PJ528E; 2026PJM4N4; 2026PW5A7S; 2026PWA7H5
Overall,Università degli Studi di CATANIA,02772010878,"Università degli Studi di ROMA ""La Sapienza""",80209930587,6,124,0.04838709677419355,2026P8WEEP; 2026PJYZXJ; 2026PLC5LA; 2026PML3R8; 2026PNA3F7; 2026PSJ7S2
Overall,Università degli Studi di MILANO-BICOCCA,12621570154,Università degli Studi di TORINO,80088230018,6,124,0.04838709677419355,2026P4JRKZ; 2026P4W29P; 2026P59J42; 2026P8B3F3; 2026PBPH3Z; 2026PZH329
Overall,Università di PISA,80003670504,Università degli Studi di TORINO,80088230018,6,124,0.04838709677419355,2026P35NEJ; 2026P4JRKZ; 2026P59J42; 2026P8PA7E; 2026P94K5N; 2026PZH329
Overall,Università degli Studi di PADOVA,80006480281,Università degli Studi di MILANO,80012650158,6,124,0.04838709677419355,2026P8SB85; 2026PLRFP7; 2026PNZE48; 2026PP8FMT; 2026PPSM7R; 2026PXAXAX
Overall,Università degli Studi di PADOVA,80006480281,Politecnico di MILANO,80057930150,6,124,0.04838709677419355,2026PC7X2J; 2026PH5MMN; 2026PKHJA4; 2026PNZE48; 2026PSLPF4; 2026PZ8WMF
Overall,Alma Mater Studiorum - Università di BOLOGNA,80007010376,Consiglio Nazionale delle Ricerche,80054330586,6,124,0.04838709677419355,2026P43HCN; 2026PCAZ2P; 2026PMAYZE; 2026PW7ZC9; 2026PYP5C3; 2026PYRZ2L
Overall,Alma Mater Studiorum - Università di BOLOGNA,80007010376,"Università degli Studi di ROMA ""La Sapienza""",80209930587,6,124,0.04838709677419355,2026P43HCN; 2026P8PA7E; 2026PNCHKR; 2026PS3E2E; 2026PWFFF4; 2026PZMLMW
Overall,Università degli Studi di PARMA,00308780345,Consiglio Nazionale delle Ricerche,80054330586,5,124,0.04032258064516129,2026P32FB5; 2026P9XJJS; 2026PFWNAH; 2026PL4ZKA; 2026PLWK3R
Overall,Università degli Studi di TRENTO,00340520220,Consiglio Nazionale delle Ricerche,80054330586,5,124,0.04032258064516129,2026P3TPWX; 2026P7C5HF; 2026PEW38H; 2026PLXLAZ; 2026PW5A7S
Overall,Università degli Studi di GENOVA,00754150100,Università degli Studi di TORINO,80088230018,5,124,0.04032258064516129,2026P35NEJ; 2026PCC9XM; 2026PHKJ4C; 2026PS9SLE; 2026PWYR42
Overall,Università degli Studi di Napoli Federico II,00876220633,"Università degli Studi della Campania ""Luigi Vanvitelli""",02044190615,5,124,0.04032258064516129,2026PHKJ4C; 2026PJM4N4; 2026PNA3F7; 2026PW5A7S; 2026PWA7H5
Overall,Università degli Studi di FIRENZE,01279680480,Università degli Studi di PADOVA,80006480281,5,124,0.04032258064516129,2026P8SB85; 2026PKHJA4; 2026PLC5LA; 2026PNS22N; 2026PYRZ2L
Overall,Università degli Studi di FIRENZE,01279680480,Alma Mater Studiorum - Università di BOLOGNA,80007010376,5,124,0.04032258064516129,2026P8W4MY; 2026PKHJA4; 2026PS3E2E; 2026PTH2J2; 2026PYRZ2L
Overall,Università degli Studi ROMA TRE,04400441004,"Università degli Studi di ROMA ""La Sapienza""",80209930587,5,124,0.04032258064516129,2026P392RW; 2026PCPCC3; 2026PHMPHK; 2026PP584L; 2026PWFFF4
Overall,Università di PISA,80003670504,Alma Mater Studiorum - Università di BOLOGNA,80007010376,5,124,0.04032258064516129,2026P5WRZ8; 2026P8PA7E; 2026PRM3Y8; 2026PW7ZC9; 2026PZNPN4
Overall,Università di PISA,80003670504,"Università degli Studi di ROMA ""Tor Vergata""",80213750583,5,124,0.04032258064516129,2026P3J8LS; 2026P4JRKZ; 2026P5WRZ8; 2026PHMPHK; 2026PP8FMT
Overall,Università degli Studi di PADOVA,80006480281,Università degli Studi di TORINO,80088230018,5,124,0.04032258064516129,2026P8B3F3; 2026PLRFP7; 2026PM97LY; 2026PWJ2BB; 2026PXAXAX
Overall,Alma Mater Studiorum - Università di BOLOGNA,80007010376,Università degli Studi di MILANO,80012650158,5,124,0.04032258064516129,2026P93SNJ; 2026PS3E2E; 2026PWFFF4; 2026PXAXAX; 2026PZMLMW
Overall,Università degli Studi di SALERNO,80018670655,"Università degli Studi di ROMA ""La Sapienza""",80209930587,5,124,0.04032258064516129,2026P42P95; 2026P8783L; 2026PCPCC3; 2026PXNXPE; 2026PXWX5Z
Overall,Università degli Studi di PARMA,00308780345,Università degli Studi di FIRENZE,01279680480,4,124,0.03225806451612903,2026P3TTLE; 2026P8W4MY; 2026PFWNAH; 2026PKHJA4
Overall,Università degli Studi di TRENTO,00340520220,Università degli Studi di PADOVA,80006480281,4,124,0.03225806451612903,2026PE8RSJ; 2026PM97LY; 2026PNS22N; 2026PRP438
Overall,Università degli Studi di TRENTO,00340520220,Università degli Studi di TORINO,80088230018,4,124,0.03225806451612903,2026P3T2LW; 2026PJCJL7; 2026PM97LY; 2026PW5A7S
Overall,Università degli Studi di TRENTO,00340520220,"Università degli Studi di ROMA ""La Sapienza""",80209930587,4,124,0.03225806451612903,2026P3T2LW; 2026P3TPWX; 2026P7C5HF; 2026PW5A7S
Overall,Università degli Studi di PERUGIA,00448820548,Università degli Studi di Napoli Federico II,00876220633,4,124,0.03225806451612903,2026PEPNKS; 2026PF7RZ7; 2026PRP438; 2026PT4LAW
Overall,Politecnico di TORINO,00518460019,Università degli Studi di PADOVA,80006480281,4,124,0.03225806451612903,2026PB3CXT; 2026PH5MMN; 2026PSLPF4; 2026PYRZ2L
Overall,Politecnico di TORINO,00518460019,Politecnico di MILANO,80057930150,4,124,0.03225806451612903,2026PH5MMN; 2026PJSZXF; 2026PMAYZE; 2026PSLPF4
Overall,Università degli Studi di Napoli Federico II,00876220633,Università degli Studi di CASSINO e del LAZIO MERIDIONALE,81006500607,4,124,0.03225806451612903,2026PEPNKS; 2026PJMWPX; 2026PT4LAW; 2026PWTWM5
Overall,Università degli Studi di FIRENZE,01279680480,Università degli Studi di CATANIA,02772010878,4,124,0.03225806451612903,2026P3TTLE; 2026P7EAZX; 2026PLC5LA; 2026PTCCMW
Overall,Università degli Studi ROMA TRE,04400441004,Università di PISA,80003670504,4,124,0.03225806451612903,2026P392RW; 2026P4JRKZ; 2026PHMPHK; 2026PZNPN4
Overall,Università degli Studi ROMA TRE,04400441004,Alma Mater Studiorum - Università di BOLOGNA,80007010376,4,124,0.03225806451612903,2026P8W4MY; 2026PMHZJW; 2026PWFFF4; 2026PZNPN4
Overall,Università degli Studi di MILANO-BICOCCA,12621570154,Università di PISA,80003670504,4,124,0.03225806451612903,2026P392RW; 2026P4JRKZ; 2026P59J42; 2026PZH329
Overall,Università degli Studi di MILANO-BICOCCA,12621570154,"Università degli Studi di ROMA ""La Sapienza""",80209930587,4,124,0.03225806451612903,2026P392RW; 2026PBPH3Z; 2026PXNXPE; 2026PZH329
Overall,Università di PISA,80003670504,Università degli Studi di PADOVA,80006480281,4,124,0.03225806451612903,2026P3J8LS; 2026PC7X2J; 2026PP8FMT; 2026PZNPN4
Overall,Università degli Studi di PADOVA,80006480281,"Università degli Studi di ROMA ""Tor Vergata""",80213750583,4,124,0.03225806451612903,2026P3J8LS; 2026PCAZ2P; 2026PP8FMT; 2026PWJ2BB
Overall,Alma Mater Studiorum - Università di BOLOGNA,80007010376,Università degli Studi di TORINO,80088230018,4,124,0.03225806451612903,2026P8PA7E; 2026P8W4MY; 2026PXAXAX; 2026PYP5C3
Overall,Università degli Studi di MILANO,80012650158,Università degli Studi di TORINO,80088230018,4,124,0.03225806451612903,2026PECJS5; 2026PLRFP7; 2026PWYR42; 2026PXAXAX
Overall,Università degli Studi di SALERNO,80018670655,Consiglio Nazionale delle Ricerche,80054330586,4,124,0.03225806451612903,2026PCPCC3; 2026PJM4N4; 2026PPCYZY; 2026PXWX5Z
Overall,Università degli Studi di SALERNO,80018670655,Università degli Studi di CASSINO e del LAZIO MERIDIONALE,81006500607,4,124,0.03225806451612903,2026PJMWPX; 2026PNS22N; 2026PT4LAW; 2026PWTWM5
Overall,Università degli Studi di PALERMO,80023730825,Consiglio Nazionale delle Ricerche,80054330586,4,124,0.03225806451612903,2026PFWNAH; 2026PNT4XW; 2026PSJ7S2; 2026PW7ZC9
Overall,Politecnico di MILANO,80057930150,"Università degli Studi di ROMA ""La Sapienza""",80209930587,4,124,0.03225806451612903,2026P3T2LW; 2026PC7X2J; 2026PPLHWR; 2026PRWBFN
Overall,Università degli Studi di TORINO,80088230018,"Università degli Studi di ROMA ""Tor Vergata""",80213750583,4,124,0.03225806451612903,2026P3T2LW; 2026P4JRKZ; 2026PBPH3Z; 2026PWJ2BB
Overall,Università degli Studi di TORINO,80088230018,UNISR - Università Vita Salute San Raffaele,97187560152,4,124,0.03225806451612903,2026PCC9XM; 2026PJCJL7; 2026PLRFP7; 2026PZH329
Overall,Università degli Studi di PARMA,00308780345,Università degli Studi dell'AQUILA,01021630668,3,124,0.024193548387096774,2026PH5MMN; 2026PL4ZKA; 2026PM45NT
Overall,Università degli Studi di PARMA,00308780345,Politecnico di MILANO,80057930150,3,124,0.024193548387096774,2026PH5MMN; 2026PKHJA4; 2026PLWK3R
Overall,Università degli Studi di PARMA,00308780345,"Università degli Studi di ROMA ""La Sapienza""",80209930587,3,124,0.024193548387096774,2026P9XJJS; 2026PP584L; 2026PXNXPE
Overall,Università degli Studi di TRENTO,00340520220,Università degli Studi di Napoli Federico II,00876220633,3,124,0.024193548387096774,2026P3TPWX; 2026PRP438; 2026PW5A7S
Overall,Università degli Studi di TRENTO,00340520220,Scuola IMT Alti Studi - LUCCA,92037570469,3,124,0.024193548387096774,2026P93SNJ; 2026PE8RSJ; 2026PZ7AX7
Overall,Università degli Studi di PERUGIA,00448820548,Università degli Studi di FIRENZE,01279680480,3,124,0.024193548387096774,2026P7EAZX; 2026PT4KJY; 2026PTCCMW
Overall,Università degli Studi di PERUGIA,00448820548,Università degli Studi di PADOVA,80006480281,3,124,0.024193548387096774,2026P3J8LS; 2026P3LEPC; 2026PRP438
Overall,Università degli Studi di PERUGIA,00448820548,Università degli Studi di CASSINO e del LAZIO MERIDIONALE,81006500607,3,124,0.024193548387096774,2026PEPNKS; 2026PRM3Y8; 2026PT4LAW
Overall,Politecnico di TORINO,00518460019,"Università degli Studi di ROMA ""La Sapienza""",80209930587,3,124,0.024193548387096774,2026P7C5HF; 2026P9XJJS; 2026PM5L5M
Overall,Università degli Studi di GENOVA,00754150100,Università Cattolica del Sacro Cuore,02133120150,3,124,0.024193548387096774,2026P8783L; 2026PCC9XM; 2026PNJX94
Overall,Università degli Studi di Napoli Federico II,00876220633,Università degli Studi di CATANIA,02772010878,3,124,0.024193548387096774,2026PNA3F7; 2026PSJ7S2; 2026PWTWM5
Overall,Università degli Studi di Napoli Federico II,00876220633,LINK CAMPUS University,11933781004,3,124,0.024193548387096774,2026PJM4N4; 2026PJMWPX; 2026PWA7H5
Overall,Università degli Studi di Napoli Federico II,00876220633,Università degli Studi di PADOVA,80006480281,3,124,0.024193548387096774,2026P8B3F3; 2026PJX9M8; 2026PRP438
Overall,Università degli Studi di Napoli Federico II,00876220633,"Università degli Studi di ROMA ""Tor Vergata""",80213750583,3,124,0.024193548387096774,2026P5WRZ8; 2026PEPNKS; 2026PKHE87
Overall,Università degli Studi dell'AQUILA,01021630668,Università degli Studi di PADOVA,80006480281,3,124,0.024193548387096774,2026PH5MMN; 2026PM97LY; 2026PPSM7R
Overall,Università degli Studi di FIRENZE,01279680480,Politecnico di MILANO,80057930150,3,124,0.024193548387096774,2026P7EAZX; 2026PKHJA4; 2026PTCCMW
Overall,"Università degli Studi della Campania ""Luigi Vanvitelli""",02044190615,Università degli Studi di CATANIA,02772010878,3,124,0.024193548387096774,2026P8WEEP; 2026PML3R8; 2026PNA3F7
Overall,"Università degli Studi della Campania ""Luigi Vanvitelli""",02044190615,LINK CAMPUS University,11933781004,3,124,0.024193548387096774,2026PJM4N4; 2026PRZ3LH; 2026PWA7H5
Overall,Università degli Studi di CATANIA,02772010878,Consiglio Nazionale delle Ricerche,80054330586,3,124,0.024193548387096774,2026PJSZXF; 2026PSJ7S2; 2026PTCCMW
Overall,Università degli Studi di CATANIA,02772010878,Politecnico di MILANO,80057930150,3,124,0.024193548387096774,2026P7EAZX; 2026PJSZXF; 2026PTCCMW
Overall,Università degli Studi ROMA TRE,04400441004,Università degli Studi di TORINO,80088230018,3,124,0.024193548387096774,2026P4JRKZ; 2026P8W4MY; 2026PP99C8
Overall,Istituto Nazionale Geofisica e Vulcanologia,06838821004,Università degli Studi di PADOVA,80006480281,3,124,0.024193548387096774,2026P8B3F3; 2026PB3CXT; 2026PYRZ2L
Overall,LINK CAMPUS University,11933781004,"Università degli Studi di ROMA ""La Sapienza""",80209930587,3,124,0.024193548387096774,2026PNCR7Y; 2026PRZ3LH; 2026PWA7H5
Overall,Università degli Studi di MILANO-BICOCCA,12621570154,Consiglio Nazionale delle Ricerche,80054330586,3,124,0.024193548387096774,2026P4W29P; 2026PLXLAZ; 2026PPRH89
Overall,Università di PISA,80003670504,Consiglio Nazionale delle Ricerche,80054330586,3,124,0.024193548387096774,2026P35NEJ; 2026PC7X2J; 2026PW7ZC9
Overall,Università degli Studi di MESSINA,80004070837,Università degli Studi di PADOVA,80006480281,3,124,0.024193548387096774,2026PJX9M8; 2026PN4LPF; 2026PSLPF4
Overall,Università degli Studi di MESSINA,80004070837,Università degli Studi di TORINO,80088230018,3,124,0.024193548387096774,2026PBPH3Z; 2026PCC9XM; 2026PP99C8
Overall,Università degli Studi di PADOVA,80006480281,Università degli Studi di PAVIA,80007270186,3,124,0.024193548387096774,2026PCK3FY; 2026PKHJA4; 2026PN4LPF
Overall,Alma Mater Studiorum - Università di BOLOGNA,80007010376,Politecnico di MILANO,80057930150,3,124,0.024193548387096774,2026PKHJA4; 2026PMAYZE; 2026PZ8WMF
Overall,Università Ca' Foscari VENEZIA,80007720271,Consiglio Nazionale delle Ricerche,80054330586,3,124,0.024193548387096774,2026P4W29P; 2026P8CJTH; 2026PRWBFN
Overall,Università degli Studi di MILANO,80012650158,"Università degli Studi di ROMA ""Tor Vergata""",80213750583,3,124,0.024193548387096774,2026PBZJ8K; 2026PHMPHK; 2026PP8FMT
Overall,Università degli Studi di MILANO,80012650158,Università degli Studi INSUBRIA Varese-Como,95039180120,3,124,0.024193548387096774,2026PNT4XW; 2026PWFFF4; 2026PZMLMW
Overall,Università degli Studi di MILANO,80012650158,HUMANITAS University,97692990159,3,124,0.024193548387096774,2026PP8FMT; 2026PS3E2E; 2026PZMLMW
Overall,Università degli Studi di TRIESTE,80013890324,Consiglio Nazionale delle Ricerche,80054330586,3,124,0.024193548387096774,2026PEW38H; 2026PNZE48; 2026PRWBFN
Overall,Università degli Studi di SALERNO,80018670655,"Università degli Studi di ROMA ""Tor Vergata""",80213750583,3,124,0.024193548387096774,2026P5WRZ8; 2026PPCYZY; 2026PXWX5Z
Overall,Università degli Studi di PALERMO,80023730825,"Università degli Studi di ROMA ""La Sapienza""",80209930587,3,124,0.024193548387096774,2026P8WEEP; 2026PP584L; 2026PSJ7S2
Overall,Scuola Internazionale Superiore di Studi Avanzati di TRIESTE,80035060328,"Università degli Studi di ROMA ""La Sapienza""",80209930587,3,124,0.024193548387096774,2026P392RW; 2026P7JKEP; 2026PHMPHK
Overall,Consiglio Nazionale delle Ricerche,80054330586,Università degli Studi di VERONA,93009870234,3,124,0.024193548387096774,2026P3TPWX; 2026PJ528E; 2026PYP5C3
Overall,"Università degli Studi di ROMA ""La Sapienza""",80209930587,Università degli Studi di CAMERINO,81001910439,3,124,0.024193548387096774,2026PM5L5M; 2026PSJ7S2; 2026PWFFF4
Overall,"Università degli Studi di ROMA ""La Sapienza""",80209930587,Istituto Nazionale di Fisica Nucleare,84001850589,3,124,0.024193548387096774,2026P7C5HF; 2026PM5L5M; 2026PNCHKR
Overall,"Università degli Studi di ROMA ""La Sapienza""",80209930587,Università degli Studi INSUBRIA Varese-Como,95039180120,3,124,0.024193548387096774,2026PLC5LA; 2026PWFFF4; 2026PZMLMW
Overall,"Università degli Studi di ROMA ""La Sapienza""",80209930587,HUMANITAS University,97692990159,3,124,0.024193548387096774,2026PP8FMT; 2026PS3E2E; 2026PZMLMW
Overall,Università degli Studi di PARMA,00308780345,Politecnico di TORINO,00518460019,2,124,0.016129032258064516,2026P9XJJS; 2026PH5MMN
Overall,Università degli Studi di PARMA,00308780345,Università degli Studi di Napoli Federico II,00876220633,2,124,0.016129032258064516,2026P8W4MY; 2026PLWK3R
Overall,Università degli Studi di PARMA,00308780345,Università degli Studi ROMA TRE,04400441004,2,124,0.016129032258064516,2026P8W4MY; 2026PP584L
Overall,Università degli Studi di PARMA,00308780345,Università della CALABRIA,80003950781,2,124,0.016129032258064516,2026PL4ZKA; 2026PP584L
Overall,Università degli Studi di PARMA,00308780345,Università degli Studi di PADOVA,80006480281,2,124,0.016129032258064516,2026PH5MMN; 2026PKHJA4
Overall,Università degli Studi di PARMA,00308780345,Alma Mater Studiorum - Università di BOLOGNA,80007010376,2,124,0.016129032258064516,2026P8W4MY; 2026PKHJA4
Overall,Università degli Studi di PARMA,00308780345,Università degli Studi di PAVIA,80007270186,2,124,0.016129032258064516,2026PKHJA4; 2026PYFEZ9
Overall,Università degli Studi di PARMA,00308780345,Università degli Studi di PALERMO,80023730825,2,124,0.016129032258064516,2026PFWNAH; 2026PP584L
Overall,Università degli Studi di PARMA,00308780345,"Università degli Studi di ROMA ""Tor Vergata""",80213750583,2,124,0.016129032258064516,2026PL4ZKA; 2026PYFEZ9
Overall,Università degli Studi di TRENTO,00340520220,Politecnico di TORINO,00518460019,2,124,0.016129032258064516,2026P7C5HF; 2026PW4NBT
Overall,Università degli Studi di TRENTO,00340520220,Università degli Studi di MILANO-BICOCCA,12621570154,2,124,0.016129032258064516,2026P93SNJ; 2026PLXLAZ
Overall,Università degli Studi di TRENTO,00340520220,Università degli Studi di MILANO,80012650158,2,124,0.016129032258064516,2026P93SNJ; 2026PLXLAZ
Overall,Università degli Studi di TRENTO,00340520220,Università degli Studi di VERONA,93009870234,2,124,0.016129032258064516,2026P3TPWX; 2026PZ7AX7
Overall,Università Politecnica delle MARCHE,00382520427,"Università degli Studi di ROMA ""La Sapienza""",80209930587,2,124,0.016129032258064516,2026PP584L; 2026PRZ3LH
Overall,Università degli Studi di MODENA e REGGIO EMILIA,00427620364,Università degli Studi di PERUGIA,00448820548,2,124,0.016129032258064516,2026P3LEPC; 2026PRP438
Overall,Università degli Studi di MODENA e REGGIO EMILIA,00427620364,Università di PISA,80003670504,2,124,0.016129032258064516,2026P35NEJ; 2026PW7ZC9
Overall,Università degli Studi di MODENA e REGGIO EMILIA,00427620364,Università degli Studi di PADOVA,80006480281,2,124,0.016129032258064516,2026P3LEPC; 2026PRP438
Overall,Università degli Studi di MODENA e REGGIO EMILIA,00427620364,Consiglio Nazionale delle Ricerche,80054330586,2,124,0.016129032258064516,2026P35NEJ; 2026PW7ZC9
Overall,Università degli Studi di PERUGIA,00448820548,Università degli Studi di CATANIA,02772010878,2,124,0.016129032258064516,2026P7EAZX; 2026PTCCMW
Overall,Università degli Studi di PERUGIA,00448820548,Università Telematica PEGASO,05411471211,2,124,0.016129032258064516,2026PT4LAW; 2026PZXJPY
Overall,Università degli Studi di PERUGIA,00448820548,Università degli Studi di SIENA,80002070524,2,124,0.016129032258064516,2026PTCCMW; 2026PZXJPY
Overall,Università degli Studi di PERUGIA,00448820548,Università di PISA,80003670504,2,124,0.016129032258064516,2026P3J8LS; 2026PRM3Y8
Overall,Università degli Studi di PERUGIA,00448820548,Consiglio Nazionale delle Ricerche,80054330586,2,124,0.016129032258064516,2026PEPNKS; 2026PTCCMW
Overall,Università degli Studi di PERUGIA,00448820548,Politecnico di MILANO,80057930150,2,124,0.016129032258064516,2026P7EAZX; 2026PTCCMW
Overall,Università degli Studi di PERUGIA,00448820548,"Università degli Studi di ROMA ""Tor Vergata""",80213750583,2,124,0.016129032258064516,2026P3J8LS; 2026PEPNKS
Overall,Politecnico di TORINO,00518460019,Istituto Nazionale Geofisica e Vulcanologia,06838821004,2,124,0.016129032258064516,2026PB3CXT; 2026PYRZ2L
Overall,Politecnico di TORINO,00518460019,Alma Mater Studiorum - Università di BOLOGNA,80007010376,2,124,0.016129032258064516,2026PMAYZE; 2026PYRZ2L
Overall,Politecnico di TORINO,00518460019,Università degli Studi di PAVIA,80007270186,2,124,0.016129032258064516,2026PF7RZ7; 2026PW4NBT
Overall,Politecnico di TORINO,00518460019,Istituto Nazionale di Fisica Nucleare,84001850589,2,124,0.016129032258064516,2026P7C5HF; 2026PM5L5M
Overall,Università degli Studi di GENOVA,00754150100,Università degli Studi di Napoli Federico II,00876220633,2,124,0.016129032258064516,2026PCC9XM; 2026PHKJ4C
Overall,Università degli Studi di GENOVA,00754150100,Università degli Studi di MESSINA,80004070837,2,124,0.016129032258064516,2026PCC9XM; 2026PRT73L
Overall,Università degli Studi di GENOVA,00754150100,Università degli Studi di MILANO,80012650158,2,124,0.016129032258064516,2026PNT4XW; 2026PWYR42
Overall,Università degli Studi di GENOVA,00754150100,Università degli Studi di PALERMO,80023730825,2,124,0.016129032258064516,2026PNJX94; 2026PNT4XW
Overall,Università degli Studi di GENOVA,00754150100,Consiglio Nazionale delle Ricerche,80054330586,2,124,0.016129032258064516,2026P35NEJ; 2026PNT4XW
Overall,Università degli Studi di GENOVA,00754150100,"Università degli Studi di ROMA ""La Sapienza""",80209930587,2,124,0.016129032258064516,2026P8783L; 2026PPLHWR
Overall,Università degli Studi di Napoli Federico II,00876220633,Università degli Studi di FIRENZE,01279680480,2,124,0.016129032258064516,2026P8W4MY; 2026PKHE87
Overall,Università degli Studi di Napoli Federico II,00876220633,Università Telematica PEGASO,05411471211,2,124,0.016129032258064516,2026PT4LAW; 2026PWTWM5
Overall,Università degli Studi di Napoli Federico II,00876220633,Università degli Studi di BARI ALDO MORO,80002170720,2,124,0.016129032258064516,2026P8R9FN; 2026PJX9M8
Overall,Università degli Studi di Napoli Federico II,00876220633,Università della CALABRIA,80003950781,2,124,0.016129032258064516,2026PNA3F7; 2026PWTWM5
Overall,Università degli Studi di Napoli Federico II,00876220633,Università degli Studi di MESSINA,80004070837,2,124,0.016129032258064516,2026PCC9XM; 2026PJX9M8
Overall,Università degli Studi di Napoli Federico II,00876220633,Alma Mater Studiorum - Università di BOLOGNA,80007010376,2,124,0.016129032258064516,2026P5WRZ8; 2026P8W4MY
Overall,Università degli Studi di Napoli Federico II,00876220633,"Università degli Studi di NAPOLI ""Parthenope""",80018240632,2,124,0.016129032258064516,2026PJMWPX; 2026PWELAN
Overall,Università degli Studi di Napoli Federico II,00876220633,Politecnico di MILANO,80057930150,2,124,0.016129032258064516,2026PLWK3R; 2026PWELAN
Overall,Università degli Studi di Napoli Federico II,00876220633,"Università degli Studi ""Magna Graecia"" di CATANZARO",97026980793,2,124,0.016129032258064516,2026P42P95; 2026PJM4N4
Overall,Università degli Studi dell'AQUILA,01021630668,Università degli Studi di SIENA,80002070524,2,124,0.016129032258064516,2026PM45NT; 2026PM97LY
Overall,Università degli Studi di FIRENZE,01279680480,Università Cattolica del Sacro Cuore,02133120150,2,124,0.016129032258064516,2026P8783L; 2026PNS22N
Overall,Università degli Studi di FIRENZE,01279680480,Università degli Studi ROMA TRE,04400441004,2,124,0.016129032258064516,2026P7EAZX; 2026P8W4MY
Overall,Università degli Studi di FIRENZE,01279680480,Università degli Studi di MILANO,80012650158,2,124,0.016129032258064516,2026P8SB85; 2026PS3E2E
Overall,Università degli Studi di FIRENZE,01279680480,Università degli Studi di SALERNO,80018670655,2,124,0.016129032258064516,2026P8783L; 2026PNS22N
Overall,Università degli Studi di FIRENZE,01279680480,Università degli Studi di TORINO,80088230018,2,124,0.016129032258064516,2026P8W4MY; 2026PH9WNA
Overall,Università degli Studi di FIRENZE,01279680480,Università degli Studi INSUBRIA Varese-Como,95039180120,2,124,0.016129032258064516,2026P3TTLE; 2026PLC5LA
Overall,Gran Sasso Science Institute - Scuola di dottorato internazionale,01984560662,Istituto Nazionale di Astrofisica,97220210583,2,124,0.016129032258064516,2026P59TTH; 2026P7JKEP
Overall,"Università degli Studi della Campania ""Luigi Vanvitelli""",02044190615,Università degli Studi di SALERNO,80018670655,2,124,0.016129032258064516,2026PCPCC3; 2026PJM4N4
Overall,"Università degli Studi della Campania ""Luigi Vanvitelli""",02044190615,Università degli Studi di TORINO,80088230018,2,124,0.016129032258064516,2026PHKJ4C; 2026PW5A7S
Overall,"Università degli Studi della Campania ""Luigi Vanvitelli""",02044190615,"Università degli Studi ""Magna Graecia"" di CATANZARO",97026980793,2,124,0.016129032258064516,2026PJM4N4; 2026PNCJBL
Overall,Università Cattolica del Sacro Cuore,02133120150,Università degli Studi di SIENA,80002070524,2,124,0.016129032258064516,2026PNCJBL; 2026PZXJPY
Overall,Università Cattolica del Sacro Cuore,02133120150,Università degli Studi di SALERNO,80018670655,2,124,0.016129032258064516,2026P8783L; 2026PNS22N
Overall,Università Cattolica del Sacro Cuore,02133120150,"Università degli Studi di ROMA ""La Sapienza""",80209930587,2,124,0.016129032258064516,2026P8783L; 2026PNCR7Y
Overall,Università degli Studi di CATANIA,02772010878,Università degli Studi ROMA TRE,04400441004,2,124,0.016129032258064516,2026P7EAZX; 2026PHLMC4
Overall,Università degli Studi di CATANIA,02772010878,Università degli Studi di BARI ALDO MORO,80002170720,2,124,0.016129032258064516,2026PJYZXJ; 2026PN4LPF
Overall,Università degli Studi di CATANIA,02772010878,Università della CALABRIA,80003950781,2,124,0.016129032258064516,2026PNA3F7; 2026PWTWM5
Overall,Università degli Studi di CATANIA,02772010878,Università degli Studi di PADOVA,80006480281,2,124,0.016129032258064516,2026PLC5LA; 2026PN4LPF
Overall,Università degli Studi di CATANIA,02772010878,Università degli Studi di PALERMO,80023730825,2,124,0.016129032258064516,2026P8WEEP; 2026PSJ7S2
Overall,Università degli Studi di CATANIA,02772010878,Università degli Studi INSUBRIA Varese-Como,95039180120,2,124,0.016129032258064516,2026P3TTLE; 2026PLC5LA
Overall,Università degli Studi di CATANIA,02772010878,Università degli Studi di BRESCIA,98007650173,2,124,0.016129032258064516,2026PHLMC4; 2026PNA3F7
Overall,Università degli Studi ROMA TRE,04400441004,UNICUSANO Università degli Studi Niccolò Cusano -Telematica Roma,09073721004,2,124,0.016129032258064516,2026PHLMC4; 2026PP99C8
Overall,Università degli Studi ROMA TRE,04400441004,Università degli Studi di MILANO-BICOCCA,12621570154,2,124,0.016129032258064516,2026P392RW; 2026P4JRKZ
Overall,Università degli Studi ROMA TRE,04400441004,Università degli Studi di MILANO,80012650158,2,124,0.016129032258064516,2026PHMPHK; 2026PWFFF4
Overall,Università degli Studi ROMA TRE,04400441004,Università degli Studi di SALERNO,80018670655,2,124,0.016129032258064516,2026PCPCC3; 2026PMHZJW
Overall,Università degli Studi ROMA TRE,04400441004,Università degli Studi di PALERMO,80023730825,2,124,0.016129032258064516,2026PP584L; 2026PP99C8
Overall,Università degli Studi ROMA TRE,04400441004,Scuola Internazionale Superiore di Studi Avanzati di TRIESTE,80035060328,2,124,0.016129032258064516,2026P392RW; 2026PHMPHK
Overall,Università degli Studi ROMA TRE,04400441004,"Università degli Studi di ROMA ""Tor Vergata""",80213750583,2,124,0.016129032258064516,2026P4JRKZ; 2026PHMPHK
Overall,Università Telematica PEGASO,05411471211,Università degli Studi di SALERNO,80018670655,2,124,0.016129032258064516,2026PT4LAW; 2026PWTWM5
Overall,Università Telematica PEGASO,05411471211,Università degli Studi di CASSINO e del LAZIO MERIDIONALE,81006500607,2,124,0.016129032258064516,2026PT4LAW; 2026PWTWM5
Overall,Istituto Nazionale Geofisica e Vulcanologia,06838821004,Consiglio Nazionale delle Ricerche,80054330586,2,124,0.016129032258064516,2026PB3CXT; 2026PYRZ2L
Overall,Istituto Nazionale di Ricerca Metrologica,09261710017,Università degli Studi di BRESCIA,98007650173,2,124,0.016129032258064516,2026PFJ75P; 2026PRM3Y8
Overall,LINK CAMPUS University,11933781004,Università degli Studi di SALERNO,80018670655,2,124,0.016129032258064516,2026PJM4N4; 2026PJMWPX
Overall,LINK CAMPUS University,11933781004,Consiglio Nazionale delle Ricerche,80054330586,2,124,0.016129032258064516,2026PJM4N4; 2026PWA7H5
Overall,Università degli Studi di MILANO-BICOCCA,12621570154,Università degli Studi di MILANO,80012650158,2,124,0.016129032258064516,2026P93SNJ; 2026PLXLAZ
Overall,Università degli Studi di MILANO-BICOCCA,12621570154,"Università degli Studi di ROMA ""Tor Vergata""",80213750583,2,124,0.016129032258064516,2026P4JRKZ; 2026PBPH3Z
Overall,Università degli Studi di MILANO-BICOCCA,12621570154,UNISR - Università Vita Salute San Raffaele,97187560152,2,124,0.016129032258064516,2026PBSNLJ; 2026PZH329
Overall,Università degli Studi di SIENA,80002070524,Università degli Studi di BARI ALDO MORO,80002170720,2,124,0.016129032258064516,2026P8R9FN; 2026PNCJBL
Overall,Università degli Studi di SIENA,80002070524,Consiglio Nazionale delle Ricerche,80054330586,2,124,0.016129032258064516,2026PTCCMW; 2026PXWX5Z
Overall,Università degli Studi di SIENA,80002070524,Università degli Studi di TORINO,80088230018,2,124,0.016129032258064516,2026P8R9FN; 2026PM97LY
Overall,Università degli Studi di BARI ALDO MORO,80002170720,Università degli Studi di MESSINA,80004070837,2,124,0.016129032258064516,2026PJX9M8; 2026PN4LPF
Overall,Università degli Studi di BARI ALDO MORO,80002170720,Università degli Studi di PADOVA,80006480281,2,124,0.016129032258064516,2026PJX9M8; 2026PN4LPF
Overall,Università degli Studi di BARI ALDO MORO,80002170720,Università degli Studi di PAVIA,80007270186,2,124,0.016129032258064516,2026P93X8R; 2026PN4LPF
Overall,Università degli Studi di BARI ALDO MORO,80002170720,Università degli Studi di MILANO,80012650158,2,124,0.016129032258064516,2026PJYZXJ; 2026PNCJBL
Overall,Università degli Studi di BARI ALDO MORO,80002170720,"Università degli Studi di ROMA ""La Sapienza""",80209930587,2,124,0.016129032258064516,2026PJX9M8; 2026PJYZXJ
Overall,Università di PISA,80003670504,Università degli Studi di MILANO,80012650158,2,124,0.016129032258064516,2026PHMPHK; 2026PP8FMT
Overall,Università di PISA,80003670504,Scuola Internazionale Superiore di Studi Avanzati di TRIESTE,80035060328,2,124,0.016129032258064516,2026P392RW; 2026PHMPHK
Overall,Università di PISA,80003670504,Istituto Nazionale di Fisica Nucleare,84001850589,2,124,0.016129032258064516,2026P4JRKZ; 2026P59TTH
Overall,Università della CALABRIA,80003950781,Consiglio Nazionale delle Ricerche,80054330586,2,124,0.016129032258064516,2026PL4ZKA; 2026PMAYZE
Overall,Università della CALABRIA,80003950781,"Università degli Studi di ROMA ""La Sapienza""",80209930587,2,124,0.016129032258064516,2026PNA3F7; 2026PP584L
Overall,Università degli Studi di MESSINA,80004070837,"Università degli Studi di ROMA ""La Sapienza""",80209930587,2,124,0.016129032258064516,2026PBPH3Z; 2026PJX9M8
Overall,Università degli Studi di PADOVA,80006480281,Università degli Studi di CAGLIARI,80019600925,2,124,0.016129032258064516,2026P4BN2S; 2026PZ8WMF
Overall,Alma Mater Studiorum - Università di BOLOGNA,80007010376,Università degli Studi di PAVIA,80007270186,2,124,0.016129032258064516,2026P93X8R; 2026PKHJA4
Overall,Alma Mater Studiorum - Università di BOLOGNA,80007010376,Università degli Studi di SALERNO,80018670655,2,124,0.016129032258064516,2026P5WRZ8; 2026PMHZJW
Overall,Alma Mater Studiorum - Università di BOLOGNA,80007010376,"Università degli Studi di ROMA ""Tor Vergata""",80213750583,2,124,0.016129032258064516,2026P5WRZ8; 2026PCAZ2P
Overall,Alma Mater Studiorum - Università di BOLOGNA,80007010376,Università degli Studi INSUBRIA Varese-Como,95039180120,2,124,0.016129032258064516,2026PWFFF4; 2026PZMLMW
Overall,Alma Mater Studiorum - Università di BOLOGNA,80007010376,"Università ""Campus Bio-Medico"" di ROMA",97087620585,2,124,0.016129032258064516,2026PCAZ2P; 2026PS3E2E
Overall,Alma Mater Studiorum - Università di BOLOGNA,80007010376,HUMANITAS University,97692990159,2,124,0.016129032258064516,2026PS3E2E; 2026PZMLMW
Overall,Alma Mater Studiorum - Università di BOLOGNA,80007010376,Università degli Studi di BRESCIA,98007650173,2,124,0.016129032258064516,2026PRM3Y8; 2026PZMLMW
Overall,Università degli Studi di PAVIA,80007270186,Consiglio Nazionale delle Ricerche,80054330586,2,124,0.016129032258064516,2026P8CJTH; 2026PCK3FY
Overall,Università degli Studi di PAVIA,80007270186,"Università degli Studi di ROMA ""La Sapienza""",80209930587,2,124,0.016129032258064516,2026P392RW; 2026P8CJTH
Overall,Università degli Studi di FERRARA,80007370382,Università degli Studi di VERONA,93009870234,2,124,0.016129032258064516,2026PYFEZ9; 2026PZ7AX7
Overall,Università Ca' Foscari VENEZIA,80007720271,Politecnico di MILANO,80057930150,2,124,0.016129032258064516,2026P4W29P; 2026PRWBFN
Overall,Università Ca' Foscari VENEZIA,80007720271,Università degli Studi di TORINO,80088230018,2,124,0.016129032258064516,2026P4W29P; 2026P8CJTH
Overall,Università Ca' Foscari VENEZIA,80007720271,"Università degli Studi di ROMA ""La Sapienza""",80209930587,2,124,0.016129032258064516,2026P8CJTH; 2026PRWBFN
Overall,Università degli Studi di MILANO,80012650158,Università degli Studi di TRIESTE,80013890324,2,124,0.016129032258064516,2026PNZE48; 2026PWYR42
Overall,Università degli Studi di MILANO,80012650158,Scuola Internazionale Superiore di Studi Avanzati di TRIESTE,80035060328,2,124,0.016129032258064516,2026PHMPHK; 2026PWYR42
Overall,Università degli Studi di MILANO,80012650158,Università degli Studi del PIEMONTE ORIENTALE,94021400026,2,124,0.016129032258064516,2026P32FB5; 2026PBZJ8K
Overall,Università degli Studi di MILANO,80012650158,"Università degli Studi ""Magna Graecia"" di CATANZARO",97026980793,2,124,0.016129032258064516,2026P42P95; 2026PNCJBL
Overall,Università degli Studi di TRIESTE,80013890324,Politecnico di MILANO,80057930150,2,124,0.016129032258064516,2026PNZE48; 2026PRWBFN
Overall,Università degli Studi di TRIESTE,80013890324,Università degli Studi di TORINO,80088230018,2,124,0.016129032258064516,2026PWYR42; 2026PWZR49
Overall,Università degli Studi di TRIESTE,80013890324,"Università degli Studi di ROMA ""La Sapienza""",80209930587,2,124,0.016129032258064516,2026PML3R8; 2026PRWBFN
Overall,Università degli Studi di TRIESTE,80013890324,Università degli Studi del PIEMONTE ORIENTALE,94021400026,2,124,0.016129032258064516,2026PT4KJY; 2026PWZR49
Overall,"Università degli Studi di NAPOLI ""Parthenope""",80018240632,Università degli Studi di SALERNO,80018670655,2,124,0.016129032258064516,2026PJMWPX; 2026PPCYZY
Overall,"Università degli Studi di NAPOLI ""Parthenope""",80018240632,Consiglio Nazionale delle Ricerche,80054330586,2,124,0.016129032258064516,2026PPCYZY; 2026PWELAN
Overall,Università degli Studi di SALERNO,80018670655,"Università degli Studi ""Magna Graecia"" di CATANZARO",97026980793,2,124,0.016129032258064516,2026P42P95; 2026PJM4N4
Overall,Università degli Studi di CAGLIARI,80019600925,Università degli Studi di TORINO,80088230018,2,124,0.016129032258064516,2026P94K5N; 2026PWZR49
Overall,Università degli Studi di PALERMO,80023730825,Università degli Studi di TORINO,80088230018,2,124,0.016129032258064516,2026PJCJL7; 2026PP99C8
Overall,Università degli Studi della TUSCIA,80029030568,Consiglio Nazionale delle Ricerche,80054330586,2,124,0.016129032258064516,2026P43HCN; 2026PPCYZY
Overall,Scuola Internazionale Superiore di Studi Avanzati di TRIESTE,80035060328,Istituto Nazionale di Astrofisica,97220210583,2,124,0.016129032258064516,2026P7JKEP; 2026PWYR42
Overall,Consiglio Nazionale delle Ricerche,80054330586,Università degli Studi del PIEMONTE ORIENTALE,94021400026,2,124,0.016129032258064516,2026P32FB5; 2026PBZJ8K
Overall,Politecnico di MILANO,80057930150,Università degli Studi di TORINO,80088230018,2,124,0.016129032258064516,2026P3T2LW; 2026P4W29P
Overall,Politecnico di MILANO,80057930150,Politecnico di BARI,93051590722,2,124,0.016129032258064516,2026PPLHWR; 2026PWELAN
Overall,Università degli Studi di TORINO,80088230018,Istituto Nazionale di Fisica Nucleare,84001850589,2,124,0.016129032258064516,2026P4JRKZ; 2026PWZR49
Overall,Università degli Studi di TORINO,80088230018,Università degli Studi del PIEMONTE ORIENTALE,94021400026,2,124,0.016129032258064516,2026PS9SLE; 2026PWZR49
Overall,"Università degli Studi di ROMA ""La Sapienza""",80209930587,Università degli Studi di VERONA,93009870234,2,124,0.016129032258064516,2026P3TPWX; 2026PJ528E
Overall,"Università degli Studi di ROMA ""La Sapienza""",80209930587,Università degli Studi di FOGGIA,94045260711,2,124,0.016129032258064516,2026PJ528E; 2026PJYZXJ
Overall,"Università degli Studi di ROMA ""La Sapienza""",80209930587,"Università ""Campus Bio-Medico"" di ROMA",97087620585,2,124,0.016129032258064516,2026PS3E2E; 2026PZH329
Overall,"Università degli Studi di ROMA ""La Sapienza""",80209930587,UNISR - Università Vita Salute San Raffaele,97187560152,2,124,0.016129032258064516,2026PLRFP7; 2026PZH329
Overall,"Università degli Studi di ROMA ""La Sapienza""",80209930587,Università Telematica San Raffaele Roma,97471900155,2,124,0.016129032258064516,2026P42P95; 2026PH9WNA
Overall,"Università degli Studi di ROMA ""La Sapienza""",80209930587,Università degli Studi di BRESCIA,98007650173,2,124,0.016129032258064516,2026PNA3F7; 2026PZMLMW
Overall,"Università degli Studi di ROMA ""Tor Vergata""",80213750583,Università degli Studi di VERONA,93009870234,2,124,0.016129032258064516,2026PJ528E; 2026PYFEZ9
Overall,Istituto Nazionale di Oceanografia e di Geofisica Sperimentale,00055590327,Politecnico di TORINO,00518460019,1,124,0.008064516129032258,2026PPRH89
Overall,Istituto Nazionale di Oceanografia e di Geofisica Sperimentale,00055590327,Università degli Studi di GENOVA,00754150100,1,124,0.008064516129032258,2026PRT73L
Overall,Istituto Nazionale di Oceanografia e di Geofisica Sperimentale,00055590327,Università degli Studi di MILANO-BICOCCA,12621570154,1,124,0.008064516129032258,2026PPRH89
Overall,Istituto Nazionale di Oceanografia e di Geofisica Sperimentale,00055590327,Università degli Studi di MESSINA,80004070837,1,124,0.008064516129032258,2026PRT73L
Overall,Istituto Nazionale di Oceanografia e di Geofisica Sperimentale,00055590327,"Università degli Studi di NAPOLI ""Parthenope""",80018240632,1,124,0.008064516129032258,2026PRT73L
Overall,Istituto Nazionale di Oceanografia e di Geofisica Sperimentale,00055590327,Consiglio Nazionale delle Ricerche,80054330586,1,124,0.008064516129032258,2026PPRH89
Overall,Università degli Studi di MACERATA,00177050432,Università degli Studi di Napoli Federico II,00876220633,1,124,0.008064516129032258,2026PJX9M8
Overall,Università degli Studi di MACERATA,00177050432,Università degli Studi di BARI ALDO MORO,80002170720,1,124,0.008064516129032258,2026PJX9M8
Overall,Università degli Studi di MACERATA,00177050432,Università degli Studi di MESSINA,80004070837,1,124,0.008064516129032258,2026PJX9M8
Overall,Università degli Studi di MACERATA,00177050432,Università degli Studi di PADOVA,80006480281,1,124,0.008064516129032258,2026PJX9M8
Overall,Università degli Studi di MACERATA,00177050432,"Università degli Studi di ROMA ""La Sapienza""",80209930587,1,124,0.008064516129032258,2026PJX9M8
Overall,Università degli Studi di SASSARI,00196350904,Università degli Studi di PARMA,00308780345,1,124,0.008064516129032258,2026P9XJJS
Overall,Università degli Studi di SASSARI,00196350904,Politecnico di TORINO,00518460019,1,124,0.008064516129032258,2026P9XJJS
Overall,Università degli Studi di SASSARI,00196350904,Consiglio Nazionale delle Ricerche,80054330586,1,124,0.008064516129032258,2026P9XJJS
Overall,Università degli Studi di SASSARI,00196350904,"Università degli Studi di ROMA ""La Sapienza""",80209930587,1,124,0.008064516129032258,2026P9XJJS
Overall,"Università degli Studi di NAPOLI ""L'Orientale""",00297640633,Università degli Studi di GENOVA,00754150100,1,124,0.008064516129032258,2026PS9SLE
Overall,"Università degli Studi di NAPOLI ""L'Orientale""",00297640633,Università degli Studi di TORINO,80088230018,1,124,0.008064516129032258,2026PS9SLE
Overall,"Università degli Studi di NAPOLI ""L'Orientale""",00297640633,Università degli Studi del PIEMONTE ORIENTALE,94021400026,1,124,0.008064516129032258,2026PS9SLE
Overall,Università degli Studi di PARMA,00308780345,Università Politecnica delle MARCHE,00382520427,1,124,0.008064516129032258,2026PP584L
Overall,Università degli Studi di PARMA,00308780345,Gran Sasso Science Institute - Scuola di dottorato internazionale,01984560662,1,124,0.008064516129032258,2026PYFEZ9
Overall,Università degli Studi di PARMA,00308780345,Università degli Studi di CATANIA,02772010878,1,124,0.008064516129032258,2026P3TTLE
Overall,Università degli Studi di PARMA,00308780345,Università degli Studi di MILANO-BICOCCA,12621570154,1,124,0.008064516129032258,2026PXNXPE
Overall,Università degli Studi di PARMA,00308780345,Università degli Studi di SIENA,80002070524,1,124,0.008064516129032258,2026PM45NT
Overall,Università degli Studi di PARMA,00308780345,Università di PISA,80003670504,1,124,0.008064516129032258,2026P3TTLE
Overall,Università degli Studi di PARMA,00308780345,Università degli Studi di FERRARA,80007370382,1,124,0.008064516129032258,2026PYFEZ9
Overall,Università degli Studi di PARMA,00308780345,Università degli Studi di MILANO,80012650158,1,124,0.008064516129032258,2026P32FB5
Overall,Università degli Studi di PARMA,00308780345,Università degli Studi di SALERNO,80018670655,1,124,0.008064516129032258,2026PXNXPE
Overall,Università degli Studi di PARMA,00308780345,Università degli Studi di TORINO,80088230018,1,124,0.008064516129032258,2026P8W4MY
Overall,Università degli Studi di PARMA,00308780345,"Università degli Studi ""G. d'Annunzio"" CHIETI-PESCARA",93002750698,1,124,0.008064516129032258,2026PM45NT
Overall,Università degli Studi di PARMA,00308780345,Università degli Studi di VERONA,93009870234,1,124,0.008064516129032258,2026PYFEZ9
Overall,Università degli Studi di PARMA,00308780345,Università degli Studi del PIEMONTE ORIENTALE,94021400026,1,124,0.008064516129032258,2026P32FB5
Overall,Università degli Studi di PARMA,00308780345,Università degli Studi INSUBRIA Varese-Como,95039180120,1,124,0.008064516129032258,2026P3TTLE
Overall,Università degli Studi di PARMA,00308780345,UniCamillus - Saint Camillus International University of Health Sciences,97962900581,1,124,0.008064516129032258,2026PM45NT
Overall,Università degli Studi di TRENTO,00340520220,Università degli Studi di MODENA e REGGIO EMILIA,00427620364,1,124,0.008064516129032258,2026PRP438
Overall,Università degli Studi di TRENTO,00340520220,Università degli Studi di PERUGIA,00448820548,1,124,0.008064516129032258,2026PRP438
Overall,Università degli Studi di TRENTO,00340520220,Università degli Studi dell'AQUILA,01021630668,1,124,0.008064516129032258,2026PM97LY
Overall,Università degli Studi di TRENTO,00340520220,Università degli Studi di FIRENZE,01279680480,1,124,0.008064516129032258,2026PNS22N
Overall,Università degli Studi di TRENTO,00340520220,"Università degli Studi della Campania ""Luigi Vanvitelli""",02044190615,1,124,0.008064516129032258,2026PW5A7S
Overall,Università degli Studi di TRENTO,00340520220,Università Cattolica del Sacro Cuore,02133120150,1,124,0.008064516129032258,2026PNS22N
Overall,Università degli Studi di TRENTO,00340520220,UNICUSANO Università degli Studi Niccolò Cusano -Telematica Roma,09073721004,1,124,0.008064516129032258,2026PW4NBT
Overall,Università degli Studi di TRENTO,00340520220,Università degli Studi di SIENA,80002070524,1,124,0.008064516129032258,2026PM97LY
Overall,Università degli Studi di TRENTO,00340520220,Scuola Normale Superiore di PISA,80005050507,1,124,0.008064516129032258,2026P3T2LW
Overall,Università degli Studi di TRENTO,00340520220,Alma Mater Studiorum - Università di BOLOGNA,80007010376,1,124,0.008064516129032258,2026P93SNJ
Overall,Università degli Studi di TRENTO,00340520220,Università degli Studi di PAVIA,80007270186,1,124,0.008064516129032258,2026PW4NBT
Overall,Università degli Studi di TRENTO,00340520220,Università degli Studi di FERRARA,80007370382,1,124,0.008064516129032258,2026PZ7AX7
Overall,Università degli Studi di TRENTO,00340520220,Università degli Studi di TRIESTE,80013890324,1,124,0.008064516129032258,2026PEW38H
Overall,Università degli Studi di TRENTO,00340520220,Università degli Studi di UDINE,80014550307,1,124,0.008064516129032258,2026P7C5HF
Overall,Università degli Studi di TRENTO,00340520220,Università degli Studi di SALERNO,80018670655,1,124,0.008064516129032258,2026PNS22N
Overall,Università degli Studi di TRENTO,00340520220,Università degli Studi di PALERMO,80023730825,1,124,0.008064516129032258,2026PJCJL7
Overall,Università degli Studi di TRENTO,00340520220,Scuola Internazionale Superiore di Studi Avanzati di TRIESTE,80035060328,1,124,0.008064516129032258,2026PE8RSJ
Overall,Università degli Studi di TRENTO,00340520220,Politecnico di MILANO,80057930150,1,124,0.008064516129032258,2026P3T2LW
Overall,Università degli Studi di TRENTO,00340520220,"Università degli Studi di ROMA ""Tor Vergata""",80213750583,1,124,0.008064516129032258,2026P3T2LW
Overall,Università degli Studi di TRENTO,00340520220,Università degli Studi di CASSINO e del LAZIO MERIDIONALE,81006500607,1,124,0.008064516129032258,2026PNS22N
Overall,Università degli Studi di TRENTO,00340520220,Istituto Nazionale di Fisica Nucleare,84001850589,1,124,0.008064516129032258,2026P7C5HF
Overall,Università degli Studi di TRENTO,00340520220,"Università Telematica ""E-CAMPUS""",90027520130,1,124,0.008064516129032258,2026PEW38H
Overall,Università degli Studi di TRENTO,00340520220,"Università degli Studi ""G. d'Annunzio"" CHIETI-PESCARA",93002750698,1,124,0.008064516129032258,2026PEW38H
Overall,Università degli Studi di TRENTO,00340520220,Politecnico di BARI,93051590722,1,124,0.008064516129032258,2026PW4NBT
Overall,Università degli Studi di TRENTO,00340520220,UNISR - Università Vita Salute San Raffaele,97187560152,1,124,0.008064516129032258,2026PJCJL7
Overall,Università degli Studi di TRENTO,00340520220,UniCamillus - Saint Camillus International University of Health Sciences,97962900581,1,124,0.008064516129032258,2026P3TPWX
Overall,Università degli Studi di TRENTO,00340520220,Università degli Studi di BRESCIA,98007650173,1,124,0.008064516129032258,2026PJCJL7
Overall,Università Politecnica delle MARCHE,00382520427,"Università degli Studi della Campania ""Luigi Vanvitelli""",02044190615,1,124,0.008064516129032258,2026PRZ3LH
Overall,Università Politecnica delle MARCHE,00382520427,Università degli Studi ROMA TRE,04400441004,1,124,0.008064516129032258,2026PP584L
Overall,Università Politecnica delle MARCHE,00382520427,LINK CAMPUS University,11933781004,1,124,0.008064516129032258,2026PRZ3LH
Overall,Università Politecnica delle MARCHE,00382520427,Università della CALABRIA,80003950781,1,124,0.008064516129032258,2026PP584L
Overall,Università Politecnica delle MARCHE,00382520427,Università degli Studi di PALERMO,80023730825,1,124,0.008064516129032258,2026PP584L
Overall,Università degli Studi di MODENA e REGGIO EMILIA,00427620364,Università degli Studi di GENOVA,00754150100,1,124,0.008064516129032258,2026P35NEJ
Overall,Università degli Studi di MODENA e REGGIO EMILIA,00427620364,Università degli Studi di Napoli Federico II,00876220633,1,124,0.008064516129032258,2026PRP438
Overall,Università degli Studi di MODENA e REGGIO EMILIA,00427620364,Alma Mater Studiorum - Università di BOLOGNA,80007010376,1,124,0.008064516129032258,2026PW7ZC9
Overall,Università degli Studi di MODENA e REGGIO EMILIA,00427620364,Università degli Studi di PALERMO,80023730825,1,124,0.008064516129032258,2026PW7ZC9
Overall,Università degli Studi di MODENA e REGGIO EMILIA,00427620364,Università degli Studi di TORINO,80088230018,1,124,0.008064516129032258,2026P35NEJ
Overall,Università degli Studi di MODENA e REGGIO EMILIA,00427620364,"Università degli Studi di ROMA ""La Sapienza""",80209930587,1,124,0.008064516129032258,2026P3LEPC
Overall,Università degli Studi di PERUGIA,00448820548,Politecnico di TORINO,00518460019,1,124,0.008064516129032258,2026PF7RZ7
Overall,Università degli Studi di PERUGIA,00448820548,Università Cattolica del Sacro Cuore,02133120150,1,124,0.008064516129032258,2026PZXJPY
Overall,Università degli Studi di PERUGIA,00448820548,Università degli Studi ROMA TRE,04400441004,1,124,0.008064516129032258,2026P7EAZX
Overall,Università degli Studi di PERUGIA,00448820548,Istituto Nazionale di Ricerca Metrologica,09261710017,1,124,0.008064516129032258,2026PRM3Y8
Overall,Università degli Studi di PERUGIA,00448820548,Università per Stranieri di PERUGIA,80002630541,1,124,0.008064516129032258,2026PF7RZ7
Overall,Università degli Studi di PERUGIA,00448820548,ACCADEMIA DI BELLE ARTI DI FROSINONE,80006930608,1,124,0.008064516129032258,2026PEPNKS
Overall,Università degli Studi di PERUGIA,00448820548,Alma Mater Studiorum - Università di BOLOGNA,80007010376,1,124,0.008064516129032258,2026PRM3Y8
Overall,Università degli Studi di PERUGIA,00448820548,Università degli Studi di PAVIA,80007270186,1,124,0.008064516129032258,2026PF7RZ7
Overall,Università degli Studi di PERUGIA,00448820548,Università degli Studi di FERRARA,80007370382,1,124,0.008064516129032258,2026PZXJPY
Overall,Università degli Studi di PERUGIA,00448820548,Università del SALENTO,80008870752,1,124,0.008064516129032258,2026PT4KJY
Overall,Università degli Studi di PERUGIA,00448820548,Università degli Studi di TRIESTE,80013890324,1,124,0.008064516129032258,2026PT4KJY
Overall,Università degli Studi di PERUGIA,00448820548,Università degli Studi di SALERNO,80018670655,1,124,0.008064516129032258,2026PT4LAW
Overall,Università degli Studi di PERUGIA,00448820548,"Università degli Studi di ROMA ""La Sapienza""",80209930587,1,124,0.008064516129032258,2026P3LEPC
Overall,Università degli Studi di PERUGIA,00448820548,Università degli Studi del MOLISE,92008370709,1,124,0.008064516129032258,2026PT4LAW
Overall,Università degli Studi di PERUGIA,00448820548,Università degli Studi del PIEMONTE ORIENTALE,94021400026,1,124,0.008064516129032258,2026PT4KJY
Overall,Università degli Studi di PERUGIA,00448820548,Università degli Studi di BRESCIA,98007650173,1,124,0.008064516129032258,2026PRM3Y8
Overall,Politecnico di TORINO,00518460019,Università degli Studi di GENOVA,00754150100,1,124,0.008064516129032258,2026PNJX94
Overall,Politecnico di TORINO,00518460019,Università degli Studi di Napoli Federico II,00876220633,1,124,0.008064516129032258,2026PF7RZ7
Overall,Politecnico di TORINO,00518460019,Università degli Studi dell'AQUILA,01021630668,1,124,0.008064516129032258,2026PH5MMN
Overall,Politecnico di TORINO,00518460019,Università degli Studi di FIRENZE,01279680480,1,124,0.008064516129032258,2026PYRZ2L
Overall,Politecnico di TORINO,00518460019,Università Cattolica del Sacro Cuore,02133120150,1,124,0.008064516129032258,2026PNJX94
Overall,Politecnico di TORINO,00518460019,Università degli Studi di CATANIA,02772010878,1,124,0.008064516129032258,2026PJSZXF
Overall,Politecnico di TORINO,00518460019,UNICUSANO Università degli Studi Niccolò Cusano -Telematica Roma,09073721004,1,124,0.008064516129032258,2026PW4NBT
Overall,Politecnico di TORINO,00518460019,Università degli Studi di MILANO-BICOCCA,12621570154,1,124,0.008064516129032258,2026PPRH89
Overall,Politecnico di TORINO,00518460019,Università per Stranieri di PERUGIA,80002630541,1,124,0.008064516129032258,2026PF7RZ7
Overall,Politecnico di TORINO,00518460019,Università della CALABRIA,80003950781,1,124,0.008064516129032258,2026PMAYZE
Overall,Politecnico di TORINO,00518460019,Università degli Studi di MESSINA,80004070837,1,124,0.008064516129032258,2026PSLPF4
Overall,Politecnico di TORINO,00518460019,Università degli Studi di MILANO,80012650158,1,124,0.008064516129032258,2026PBZJ8K
Overall,Politecnico di TORINO,00518460019,Università degli Studi di UDINE,80014550307,1,124,0.008064516129032258,2026P7C5HF
Overall,Politecnico di TORINO,00518460019,"Università degli Studi di NAPOLI ""Parthenope""",80018240632,1,124,0.008064516129032258,2026PM5L5M
Overall,Politecnico di TORINO,00518460019,Università degli Studi di PALERMO,80023730825,1,124,0.008064516129032258,2026PNJX94
Overall,Politecnico di TORINO,00518460019,"Università degli Studi di ROMA ""Tor Vergata""",80213750583,1,124,0.008064516129032258,2026PBZJ8K
Overall,Politecnico di TORINO,00518460019,Università degli Studi di CAMERINO,81001910439,1,124,0.008064516129032258,2026PM5L5M
Overall,Politecnico di TORINO,00518460019,Università degli Studi di Urbino Carlo Bo,82002850418,1,124,0.008064516129032258,2026PB3CXT
Overall,Politecnico di TORINO,00518460019,"Università Telematica ""E-CAMPUS""",90027520130,1,124,0.008064516129032258,2026PM5L5M
Overall,Politecnico di TORINO,00518460019,Politecnico di BARI,93051590722,1,124,0.008064516129032258,2026PW4NBT
Overall,Politecnico di TORINO,00518460019,Università degli Studi del PIEMONTE ORIENTALE,94021400026,1,124,0.008064516129032258,2026PBZJ8K
Overall,Politecnico di TORINO,00518460019,Università degli Studi della BASILICATA,96003410766,1,124,0.008064516129032258,2026PBZJ8K
Overall,Università degli Studi di GENOVA,00754150100,Università degli Studi di FIRENZE,01279680480,1,124,0.008064516129032258,2026P8783L
Overall,Università degli Studi di GENOVA,00754150100,"Università degli Studi della Campania ""Luigi Vanvitelli""",02044190615,1,124,0.008064516129032258,2026PHKJ4C
Overall,Università degli Studi di GENOVA,00754150100,Università di PISA,80003670504,1,124,0.008064516129032258,2026P35NEJ
Overall,Università degli Studi di GENOVA,00754150100,Università degli Studi di TRIESTE,80013890324,1,124,0.008064516129032258,2026PWYR42
Overall,Università degli Studi di GENOVA,00754150100,"Università degli Studi di NAPOLI ""Parthenope""",80018240632,1,124,0.008064516129032258,2026PRT73L
Overall,Università degli Studi di GENOVA,00754150100,Università degli Studi di SALERNO,80018670655,1,124,0.008064516129032258,2026P8783L
Overall,Università degli Studi di GENOVA,00754150100,Scuola Internazionale Superiore di Studi Avanzati di TRIESTE,80035060328,1,124,0.008064516129032258,2026PWYR42
Overall,Università degli Studi di GENOVA,00754150100,Politecnico di MILANO,80057930150,1,124,0.008064516129032258,2026PPLHWR
Overall,Università degli Studi di GENOVA,00754150100,Politecnico di BARI,93051590722,1,124,0.008064516129032258,2026PPLHWR
Overall,Università degli Studi di GENOVA,00754150100,Università degli Studi del PIEMONTE ORIENTALE,94021400026,1,124,0.008064516129032258,2026PS9SLE
Overall,Università degli Studi di GENOVA,00754150100,Università degli Studi INSUBRIA Varese-Como,95039180120,1,124,0.008064516129032258,2026PNT4XW
Overall,Università degli Studi di GENOVA,00754150100,UNISR - Università Vita Salute San Raffaele,97187560152,1,124,0.008064516129032258,2026PCC9XM
Overall,Università degli Studi di GENOVA,00754150100,Istituto Nazionale di Astrofisica,97220210583,1,124,0.008064516129032258,2026PWYR42
Overall,Università degli Studi di Napoli Federico II,00876220633,Università degli Studi del SANNIO di BENEVENTO,01114010620,1,124,0.008064516129032258,2026PWA7H5
Overall,Università degli Studi di Napoli Federico II,00876220633,Università Cattolica del Sacro Cuore,02133120150,1,124,0.008064516129032258,2026PCC9XM
Overall,Università degli Studi di Napoli Federico II,00876220633,Università degli Studi ROMA TRE,04400441004,1,124,0.008064516129032258,2026P8W4MY
Overall,Università degli Studi di Napoli Federico II,00876220633,Istituto Nazionale Geofisica e Vulcanologia,06838821004,1,124,0.008064516129032258,2026P8B3F3
Overall,Università degli Studi di Napoli Federico II,00876220633,Università degli Studi di MILANO-BICOCCA,12621570154,1,124,0.008064516129032258,2026P8B3F3
Overall,Università degli Studi di Napoli Federico II,00876220633,Università degli Studi di SIENA,80002070524,1,124,0.008064516129032258,2026P8R9FN
Overall,Università degli Studi di Napoli Federico II,00876220633,Università per Stranieri di PERUGIA,80002630541,1,124,0.008064516129032258,2026PF7RZ7
Overall,Università degli Studi di Napoli Federico II,00876220633,Università di PISA,80003670504,1,124,0.008064516129032258,2026P5WRZ8
Overall,Università degli Studi di Napoli Federico II,00876220633,ACCADEMIA DI BELLE ARTI DI FROSINONE,80006930608,1,124,0.008064516129032258,2026PEPNKS
Overall,Università degli Studi di Napoli Federico II,00876220633,Università degli Studi di PAVIA,80007270186,1,124,0.008064516129032258,2026PF7RZ7
Overall,Università degli Studi di Napoli Federico II,00876220633,Università IUAV di VENEZIA,80009280274,1,124,0.008064516129032258,2026P5WRZ8
Overall,Università degli Studi di Napoli Federico II,00876220633,Università degli Studi di MILANO,80012650158,1,124,0.008064516129032258,2026P42P95
Overall,Università degli Studi di Napoli Federico II,00876220633,Università degli Studi di PALERMO,80023730825,1,124,0.008064516129032258,2026PSJ7S2
Overall,Università degli Studi di Napoli Federico II,00876220633,Università degli Studi di CAMERINO,81001910439,1,124,0.008064516129032258,2026PSJ7S2
Overall,Università degli Studi di Napoli Federico II,00876220633,Università degli Studi del MOLISE,92008370709,1,124,0.008064516129032258,2026PT4LAW
Overall,Università degli Studi di Napoli Federico II,00876220633,"Università degli Studi ""G. d'Annunzio"" CHIETI-PESCARA",93002750698,1,124,0.008064516129032258,2026PKHE87
Overall,Università degli Studi di Napoli Federico II,00876220633,Università degli Studi di VERONA,93009870234,1,124,0.008064516129032258,2026P3TPWX
Overall,Università degli Studi di Napoli Federico II,00876220633,Politecnico di BARI,93051590722,1,124,0.008064516129032258,2026PWELAN
Overall,Università degli Studi di Napoli Federico II,00876220633,Università degli Studi di FOGGIA,94045260711,1,124,0.008064516129032258,2026PJMWPX
Overall,Università degli Studi di Napoli Federico II,00876220633,UNISR - Università Vita Salute San Raffaele,97187560152,1,124,0.008064516129032258,2026PCC9XM
Overall,Università degli Studi di Napoli Federico II,00876220633,Università Telematica San Raffaele Roma,97471900155,1,124,0.008064516129032258,2026P42P95
Overall,Università degli Studi di Napoli Federico II,00876220633,UniCamillus - Saint Camillus International University of Health Sciences,97962900581,1,124,0.008064516129032258,2026P3TPWX
Overall,Università degli Studi di Napoli Federico II,00876220633,Università degli Studi di BRESCIA,98007650173,1,124,0.008064516129032258,2026PNA3F7
Overall,Università degli Studi dell'AQUILA,01021630668,Università degli Studi di MILANO-BICOCCA,12621570154,1,124,0.008064516129032258,2026PBSNLJ
Overall,Università degli Studi dell'AQUILA,01021630668,Università della CALABRIA,80003950781,1,124,0.008064516129032258,2026PL4ZKA
Overall,Università degli Studi dell'AQUILA,01021630668,Università degli Studi di MILANO,80012650158,1,124,0.008064516129032258,2026PPSM7R
Overall,Università degli Studi dell'AQUILA,01021630668,Consiglio Nazionale delle Ricerche,80054330586,1,124,0.008064516129032258,2026PL4ZKA
Overall,Università degli Studi dell'AQUILA,01021630668,Politecnico di MILANO,80057930150,1,124,0.008064516129032258,2026PH5MMN
Overall,Università degli Studi dell'AQUILA,01021630668,Università degli Studi di TORINO,80088230018,1,124,0.008064516129032258,2026PM97LY
Overall,Università degli Studi dell'AQUILA,01021630668,"Università degli Studi di ROMA ""La Sapienza""",80209930587,1,124,0.008064516129032258,2026PPSM7R
Overall,Università degli Studi dell'AQUILA,01021630668,"Università degli Studi di ROMA ""Tor Vergata""",80213750583,1,124,0.008064516129032258,2026PL4ZKA
Overall,Università degli Studi dell'AQUILA,01021630668,"Università degli Studi ""G. d'Annunzio"" CHIETI-PESCARA",93002750698,1,124,0.008064516129032258,2026PM45NT
Overall,Università degli Studi dell'AQUILA,01021630668,Università degli Studi di FOGGIA,94045260711,1,124,0.008064516129032258,2026PBSNLJ
Overall,Università degli Studi dell'AQUILA,01021630668,Università degli Studi INSUBRIA Varese-Como,95039180120,1,124,0.008064516129032258,2026PBSNLJ
Overall,Università degli Studi dell'AQUILA,01021630668,UNISR - Università Vita Salute San Raffaele,97187560152,1,124,0.008064516129032258,2026PBSNLJ
Overall,Università degli Studi dell'AQUILA,01021630668,UniCamillus - Saint Camillus International University of Health Sciences,97962900581,1,124,0.008064516129032258,2026PM45NT
Overall,Università degli Studi del SANNIO di BENEVENTO,01114010620,"Università degli Studi della Campania ""Luigi Vanvitelli""",02044190615,1,124,0.008064516129032258,2026PWA7H5
Overall,Università degli Studi del SANNIO di BENEVENTO,01114010620,LINK CAMPUS University,11933781004,1,124,0.008064516129032258,2026PWA7H5
Overall,Università degli Studi del SANNIO di BENEVENTO,01114010620,Consiglio Nazionale delle Ricerche,80054330586,1,124,0.008064516129032258,2026PWA7H5
Overall,Università degli Studi del SANNIO di BENEVENTO,01114010620,"Università degli Studi di ROMA ""La Sapienza""",80209930587,1,124,0.008064516129032258,2026PWA7H5
Overall,Università degli Studi di FIRENZE,01279680480,Istituto Nazionale Geofisica e Vulcanologia,06838821004,1,124,0.008064516129032258,2026PYRZ2L
Overall,Università degli Studi di FIRENZE,01279680480,Istituto Nazionale di Ricerca Metrologica,09261710017,1,124,0.008064516129032258,2026PFJ75P
Overall,Università degli Studi di FIRENZE,01279680480,Università degli Studi di SIENA,80002070524,1,124,0.008064516129032258,2026PTCCMW
Overall,Università degli Studi di FIRENZE,01279680480,Università di PISA,80003670504,1,124,0.008064516129032258,2026P3TTLE
Overall,Università degli Studi di FIRENZE,01279680480,Università degli Studi di PAVIA,80007270186,1,124,0.008064516129032258,2026PKHJA4
Overall,Università degli Studi di FIRENZE,01279680480,Università degli Studi di FERRARA,80007370382,1,124,0.008064516129032258,2026PLC5LA
Overall,Università degli Studi di FIRENZE,01279680480,Università del SALENTO,80008870752,1,124,0.008064516129032258,2026PT4KJY
Overall,Università degli Studi di FIRENZE,01279680480,Università degli Studi di TRIESTE,80013890324,1,124,0.008064516129032258,2026PT4KJY
Overall,Università degli Studi di FIRENZE,01279680480,Università degli Studi di PALERMO,80023730825,1,124,0.008064516129032258,2026PFWNAH
Overall,Università degli Studi di FIRENZE,01279680480,"Università degli Studi di ROMA ""Tor Vergata""",80213750583,1,124,0.008064516129032258,2026PKHE87
Overall,Università degli Studi di FIRENZE,01279680480,Università degli Studi di CASSINO e del LAZIO MERIDIONALE,81006500607,1,124,0.008064516129032258,2026PNS22N
Overall,Università degli Studi di FIRENZE,01279680480,"Università degli Studi ""G. d'Annunzio"" CHIETI-PESCARA",93002750698,1,124,0.008064516129032258,2026PKHE87
Overall,Università degli Studi di FIRENZE,01279680480,Università degli Studi del PIEMONTE ORIENTALE,94021400026,1,124,0.008064516129032258,2026PT4KJY
Overall,Università degli Studi di FIRENZE,01279680480,I.U.S.S. - Istituto Universitario di Studi Superiori - PAVIA,96049740184,1,124,0.008064516129032258,2026PTH2J2
Overall,Università degli Studi di FIRENZE,01279680480,"Università ""Campus Bio-Medico"" di ROMA",97087620585,1,124,0.008064516129032258,2026PS3E2E
Overall,Università degli Studi di FIRENZE,01279680480,UNISR - Università Vita Salute San Raffaele,97187560152,1,124,0.008064516129032258,2026PTH2J2
Overall,Università degli Studi di FIRENZE,01279680480,Università Telematica San Raffaele Roma,97471900155,1,124,0.008064516129032258,2026PH9WNA
Overall,Università degli Studi di FIRENZE,01279680480,HUMANITAS University,97692990159,1,124,0.008064516129032258,2026PS3E2E
Overall,Università degli Studi di FIRENZE,01279680480,Università degli Studi di BRESCIA,98007650173,1,124,0.008064516129032258,2026PFJ75P
Overall,Gran Sasso Science Institute - Scuola di dottorato internazionale,01984560662,Università di PISA,80003670504,1,124,0.008064516129032258,2026P59TTH
Overall,Gran Sasso Science Institute - Scuola di dottorato internazionale,01984560662,Università degli Studi di PAVIA,80007270186,1,124,0.008064516129032258,2026PYFEZ9
Overall,Gran Sasso Science Institute - Scuola di dottorato internazionale,01984560662,Università degli Studi di FERRARA,80007370382,1,124,0.008064516129032258,2026PYFEZ9
Overall,Gran Sasso Science Institute - Scuola di dottorato internazionale,01984560662,Scuola Internazionale Superiore di Studi Avanzati di TRIESTE,80035060328,1,124,0.008064516129032258,2026P7JKEP
Overall,Gran Sasso Science Institute - Scuola di dottorato internazionale,01984560662,"Università degli Studi di ROMA ""La Sapienza""",80209930587,1,124,0.008064516129032258,2026P7JKEP
Overall,Gran Sasso Science Institute - Scuola di dottorato internazionale,01984560662,"Università degli Studi di ROMA ""Tor Vergata""",80213750583,1,124,0.008064516129032258,2026PYFEZ9
Overall,Gran Sasso Science Institute - Scuola di dottorato internazionale,01984560662,Istituto Nazionale di Fisica Nucleare,84001850589,1,124,0.008064516129032258,2026P59TTH
Overall,Gran Sasso Science Institute - Scuola di dottorato internazionale,01984560662,Università degli Studi di VERONA,93009870234,1,124,0.008064516129032258,2026PYFEZ9
Overall,"Università degli Studi della Campania ""Luigi Vanvitelli""",02044190615,Università Cattolica del Sacro Cuore,02133120150,1,124,0.008064516129032258,2026PNCJBL
Overall,"Università degli Studi della Campania ""Luigi Vanvitelli""",02044190615,Università degli Studi ROMA TRE,04400441004,1,124,0.008064516129032258,2026PCPCC3
Overall,"Università degli Studi della Campania ""Luigi Vanvitelli""",02044190615,Università degli Studi di SIENA,80002070524,1,124,0.008064516129032258,2026PNCJBL
Overall,"Università degli Studi della Campania ""Luigi Vanvitelli""",02044190615,Università degli Studi di BARI ALDO MORO,80002170720,1,124,0.008064516129032258,2026PNCJBL
Overall,"Università degli Studi della Campania ""Luigi Vanvitelli""",02044190615,Università della CALABRIA,80003950781,1,124,0.008064516129032258,2026PNA3F7
Overall,"Università degli Studi della Campania ""Luigi Vanvitelli""",02044190615,Università degli Studi di PADOVA,80006480281,1,124,0.008064516129032258,2026PCK3FY
Overall,"Università degli Studi della Campania ""Luigi Vanvitelli""",02044190615,Università degli Studi di PAVIA,80007270186,1,124,0.008064516129032258,2026PCK3FY
Overall,"Università degli Studi della Campania ""Luigi Vanvitelli""",02044190615,Università degli Studi di MILANO,80012650158,1,124,0.008064516129032258,2026PNCJBL
Overall,"Università degli Studi della Campania ""Luigi Vanvitelli""",02044190615,Università degli Studi di TRIESTE,80013890324,1,124,0.008064516129032258,2026PML3R8
Overall,"Università degli Studi della Campania ""Luigi Vanvitelli""",02044190615,Università degli Studi di PALERMO,80023730825,1,124,0.008064516129032258,2026P8WEEP
Overall,"Università degli Studi della Campania ""Luigi Vanvitelli""",02044190615,"Università degli Studi di ROMA ""Tor Vergata""",80213750583,1,124,0.008064516129032258,2026PJ528E
Overall,"Università degli Studi della Campania ""Luigi Vanvitelli""",02044190615,Università degli Studi di VERONA,93009870234,1,124,0.008064516129032258,2026PJ528E
Overall,"Università degli Studi della Campania ""Luigi Vanvitelli""",02044190615,"LUM ""Giuseppe Degennaro""",93135780729,1,124,0.008064516129032258,2026PCPCC3
Overall,"Università degli Studi della Campania ""Luigi Vanvitelli""",02044190615,Università degli Studi di FOGGIA,94045260711,1,124,0.008064516129032258,2026PJ528E
Overall,"Università degli Studi della Campania ""Luigi Vanvitelli""",02044190615,Università degli Studi di BRESCIA,98007650173,1,124,0.008064516129032258,2026PNA3F7
Overall,Università Cattolica del Sacro Cuore,02133120150,Università Telematica PEGASO,05411471211,1,124,0.008064516129032258,2026PZXJPY
Overall,Università Cattolica del Sacro Cuore,02133120150,LINK CAMPUS University,11933781004,1,124,0.008064516129032258,2026PNCR7Y
Overall,Università Cattolica del Sacro Cuore,02133120150,Università degli Studi di BARI ALDO MORO,80002170720,1,124,0.008064516129032258,2026PNCJBL
Overall,Università Cattolica del Sacro Cuore,02133120150,Università degli Studi di MESSINA,80004070837,1,124,0.008064516129032258,2026PCC9XM
Overall,Università Cattolica del Sacro Cuore,02133120150,Università degli Studi di PADOVA,80006480281,1,124,0.008064516129032258,2026PNS22N
Overall,Università Cattolica del Sacro Cuore,02133120150,Università degli Studi di FERRARA,80007370382,1,124,0.008064516129032258,2026PZXJPY
Overall,Università Cattolica del Sacro Cuore,02133120150,Università degli Studi di MILANO,80012650158,1,124,0.008064516129032258,2026PNCJBL
Overall,Università Cattolica del Sacro Cuore,02133120150,Università degli Studi di PALERMO,80023730825,1,124,0.008064516129032258,2026PNJX94
Overall,Università Cattolica del Sacro Cuore,02133120150,Università degli Studi di TORINO,80088230018,1,124,0.008064516129032258,2026PCC9XM
Overall,Università Cattolica del Sacro Cuore,02133120150,Università degli Studi di CASSINO e del LAZIO MERIDIONALE,81006500607,1,124,0.008064516129032258,2026PNS22N
Overall,Università Cattolica del Sacro Cuore,02133120150,Università degli Studi del PIEMONTE ORIENTALE,94021400026,1,124,0.008064516129032258,2026PNCR7Y
Overall,Università Cattolica del Sacro Cuore,02133120150,"Università degli Studi ""Magna Graecia"" di CATANZARO",97026980793,1,124,0.008064516129032258,2026PNCJBL
Overall,Università Cattolica del Sacro Cuore,02133120150,UNISR - Università Vita Salute San Raffaele,97187560152,1,124,0.008064516129032258,2026PCC9XM
Overall,Università degli Studi di CATANIA,02772010878,Università Telematica PEGASO,05411471211,1,124,0.008064516129032258,2026PWTWM5
Overall,Università degli Studi di CATANIA,02772010878,UNICUSANO Università degli Studi Niccolò Cusano -Telematica Roma,09073721004,1,124,0.008064516129032258,2026PHLMC4
Overall,Università degli Studi di CATANIA,02772010878,Università degli Studi di SIENA,80002070524,1,124,0.008064516129032258,2026PTCCMW
Overall,Università degli Studi di CATANIA,02772010878,Università di PISA,80003670504,1,124,0.008064516129032258,2026P3TTLE
Overall,Università degli Studi di CATANIA,02772010878,Università degli Studi di MESSINA,80004070837,1,124,0.008064516129032258,2026PN4LPF
Overall,Università degli Studi di CATANIA,02772010878,Università degli Studi di PAVIA,80007270186,1,124,0.008064516129032258,2026PN4LPF
Overall,Università degli Studi di CATANIA,02772010878,Università degli Studi di FERRARA,80007370382,1,124,0.008064516129032258,2026PLC5LA
Overall,Università degli Studi di CATANIA,02772010878,Università del SALENTO,80008870752,1,124,0.008064516129032258,2026PN4LPF
Overall,Università degli Studi di CATANIA,02772010878,Università degli Studi di MILANO,80012650158,1,124,0.008064516129032258,2026PJYZXJ
Overall,Università degli Studi di CATANIA,02772010878,Università degli Studi di TRIESTE,80013890324,1,124,0.008064516129032258,2026PML3R8
Overall,Università degli Studi di CATANIA,02772010878,Università degli Studi di SALERNO,80018670655,1,124,0.008064516129032258,2026PWTWM5
Overall,Università degli Studi di CATANIA,02772010878,Università degli Studi di CAMERINO,81001910439,1,124,0.008064516129032258,2026PSJ7S2
Overall,Università degli Studi di CATANIA,02772010878,Università degli Studi di CASSINO e del LAZIO MERIDIONALE,81006500607,1,124,0.008064516129032258,2026PWTWM5
Overall,Università degli Studi di CATANIA,02772010878,Università degli Studi di FOGGIA,94045260711,1,124,0.008064516129032258,2026PJYZXJ
Overall,Università degli Studi ROMA TRE,04400441004,Università della CALABRIA,80003950781,1,124,0.008064516129032258,2026PP584L
Overall,Università degli Studi ROMA TRE,04400441004,Università degli Studi di MESSINA,80004070837,1,124,0.008064516129032258,2026PP99C8
Overall,Università degli Studi ROMA TRE,04400441004,Università degli Studi di PADOVA,80006480281,1,124,0.008064516129032258,2026PZNPN4
Overall,Università degli Studi ROMA TRE,04400441004,Università degli Studi di PAVIA,80007270186,1,124,0.008064516129032258,2026P392RW
Overall,Università degli Studi ROMA TRE,04400441004,Consiglio Nazionale delle Ricerche,80054330586,1,124,0.008064516129032258,2026PCPCC3
Overall,Università degli Studi ROMA TRE,04400441004,Politecnico di MILANO,80057930150,1,124,0.008064516129032258,2026P7EAZX
Overall,Università degli Studi ROMA TRE,04400441004,Università degli Studi di CAMERINO,81001910439,1,124,0.008064516129032258,2026PWFFF4
Overall,Università degli Studi ROMA TRE,04400441004,Istituto Nazionale di Fisica Nucleare,84001850589,1,124,0.008064516129032258,2026P4JRKZ
Overall,Università degli Studi ROMA TRE,04400441004,"LUM ""Giuseppe Degennaro""",93135780729,1,124,0.008064516129032258,2026PCPCC3
Overall,Università degli Studi ROMA TRE,04400441004,Università degli Studi INSUBRIA Varese-Como,95039180120,1,124,0.008064516129032258,2026PWFFF4
Overall,Università degli Studi ROMA TRE,04400441004,Scuola Superiore Meridionale,95315120634,1,124,0.008064516129032258,2026PMHZJW
Overall,Università degli Studi ROMA TRE,04400441004,Università degli Studi di BRESCIA,98007650173,1,124,0.008064516129032258,2026PHLMC4
Overall,Università Telematica PEGASO,05411471211,Università degli Studi di SIENA,80002070524,1,124,0.008064516129032258,2026PZXJPY
Overall,Università Telematica PEGASO,05411471211,Università della CALABRIA,80003950781,1,124,0.008064516129032258,2026PWTWM5
Overall,Università Telematica PEGASO,05411471211,Università degli Studi di FERRARA,80007370382,1,124,0.008064516129032258,2026PZXJPY
Overall,Università Telematica PEGASO,05411471211,Università degli Studi del MOLISE,92008370709,1,124,0.008064516129032258,2026PT4LAW
Overall,Istituto Nazionale Geofisica e Vulcanologia,06838821004,Università degli Studi di MILANO-BICOCCA,12621570154,1,124,0.008064516129032258,2026P8B3F3
Overall,Istituto Nazionale Geofisica e Vulcanologia,06838821004,Alma Mater Studiorum - Università di BOLOGNA,80007010376,1,124,0.008064516129032258,2026PYRZ2L
Overall,Istituto Nazionale Geofisica e Vulcanologia,06838821004,Università degli Studi di TORINO,80088230018,1,124,0.008064516129032258,2026P8B3F3
Overall,Istituto Nazionale Geofisica e Vulcanologia,06838821004,Università degli Studi di Urbino Carlo Bo,82002850418,1,124,0.008064516129032258,2026PB3CXT
Overall,UNICUSANO Università degli Studi Niccolò Cusano -Telematica Roma,09073721004,Università degli Studi di MESSINA,80004070837,1,124,0.008064516129032258,2026PP99C8
Overall,UNICUSANO Università degli Studi Niccolò Cusano -Telematica Roma,09073721004,Università degli Studi di PAVIA,80007270186,1,124,0.008064516129032258,2026PW4NBT
Overall,UNICUSANO Università degli Studi Niccolò Cusano -Telematica Roma,09073721004,"Università degli Studi di NAPOLI ""Parthenope""",80018240632,1,124,0.008064516129032258,2026PPCYZY
Overall,UNICUSANO Università degli Studi Niccolò Cusano -Telematica Roma,09073721004,Università degli Studi di SALERNO,80018670655,1,124,0.008064516129032258,2026PPCYZY
Overall,UNICUSANO Università degli Studi Niccolò Cusano -Telematica Roma,09073721004,Università degli Studi di PALERMO,80023730825,1,124,0.008064516129032258,2026PP99C8
Overall,UNICUSANO Università degli Studi Niccolò Cusano -Telematica Roma,09073721004,Università degli Studi della TUSCIA,80029030568,1,124,0.008064516129032258,2026PPCYZY
Overall,UNICUSANO Università degli Studi Niccolò Cusano -Telematica Roma,09073721004,Consiglio Nazionale delle Ricerche,80054330586,1,124,0.008064516129032258,2026PPCYZY
Overall,UNICUSANO Università degli Studi Niccolò Cusano -Telematica Roma,09073721004,Università degli Studi di TORINO,80088230018,1,124,0.008064516129032258,2026PP99C8
Overall,UNICUSANO Università degli Studi Niccolò Cusano -Telematica Roma,09073721004,"Università degli Studi di ROMA ""Tor Vergata""",80213750583,1,124,0.008064516129032258,2026PPCYZY
Overall,UNICUSANO Università degli Studi Niccolò Cusano -Telematica Roma,09073721004,Politecnico di BARI,93051590722,1,124,0.008064516129032258,2026PW4NBT
Overall,UNICUSANO Università degli Studi Niccolò Cusano -Telematica Roma,09073721004,Università degli Studi di BRESCIA,98007650173,1,124,0.008064516129032258,2026PHLMC4
Overall,Istituto Nazionale di Ricerca Metrologica,09261710017,Università di PISA,80003670504,1,124,0.008064516129032258,2026PRM3Y8
Overall,Istituto Nazionale di Ricerca Metrologica,09261710017,Alma Mater Studiorum - Università di BOLOGNA,80007010376,1,124,0.008064516129032258,2026PRM3Y8
Overall,Istituto Nazionale di Ricerca Metrologica,09261710017,Consiglio Nazionale delle Ricerche,80054330586,1,124,0.008064516129032258,2026PFJ75P
Overall,Istituto Nazionale di Ricerca Metrologica,09261710017,Università degli Studi di CASSINO e del LAZIO MERIDIONALE,81006500607,1,124,0.008064516129032258,2026PRM3Y8
Overall,LINK CAMPUS University,11933781004,"Università degli Studi di NAPOLI ""Parthenope""",80018240632,1,124,0.008064516129032258,2026PJMWPX
Overall,LINK CAMPUS University,11933781004,Università degli Studi di CASSINO e del LAZIO MERIDIONALE,81006500607,1,124,0.008064516129032258,2026PJMWPX
Overall,LINK CAMPUS University,11933781004,Università degli Studi del PIEMONTE ORIENTALE,94021400026,1,124,0.008064516129032258,2026PNCR7Y
Overall,LINK CAMPUS University,11933781004,Università degli Studi di FOGGIA,94045260711,1,124,0.008064516129032258,2026PJMWPX
Overall,LINK CAMPUS University,11933781004,"Università degli Studi ""Magna Graecia"" di CATANZARO",97026980793,1,124,0.008064516129032258,2026PJM4N4
Overall,Università degli Studi di MILANO-BICOCCA,12621570154,Università degli Studi di MESSINA,80004070837,1,124,0.008064516129032258,2026PBPH3Z
Overall,Università degli Studi di MILANO-BICOCCA,12621570154,Università degli Studi di PADOVA,80006480281,1,124,0.008064516129032258,2026P8B3F3
Overall,Università degli Studi di MILANO-BICOCCA,12621570154,Alma Mater Studiorum - Università di BOLOGNA,80007010376,1,124,0.008064516129032258,2026P93SNJ
Overall,Università degli Studi di MILANO-BICOCCA,12621570154,Università degli Studi di PAVIA,80007270186,1,124,0.008064516129032258,2026P392RW
Overall,Università degli Studi di MILANO-BICOCCA,12621570154,Università Ca' Foscari VENEZIA,80007720271,1,124,0.008064516129032258,2026P4W29P
Overall,Università degli Studi di MILANO-BICOCCA,12621570154,Università degli Studi di SALERNO,80018670655,1,124,0.008064516129032258,2026PXNXPE
Overall,Università degli Studi di MILANO-BICOCCA,12621570154,Scuola Internazionale Superiore di Studi Avanzati di TRIESTE,80035060328,1,124,0.008064516129032258,2026P392RW
Overall,Università degli Studi di MILANO-BICOCCA,12621570154,Politecnico di MILANO,80057930150,1,124,0.008064516129032258,2026P4W29P
Overall,Università degli Studi di MILANO-BICOCCA,12621570154,Università degli Studi di CAMERINO,81001910439,1,124,0.008064516129032258,2026P59J42
Overall,Università degli Studi di MILANO-BICOCCA,12621570154,Istituto Nazionale di Fisica Nucleare,84001850589,1,124,0.008064516129032258,2026P4JRKZ
Overall,Università degli Studi di MILANO-BICOCCA,12621570154,Scuola IMT Alti Studi - LUCCA,92037570469,1,124,0.008064516129032258,2026P93SNJ
Overall,Università degli Studi di MILANO-BICOCCA,12621570154,Università degli Studi di FOGGIA,94045260711,1,124,0.008064516129032258,2026PBSNLJ
Overall,Università degli Studi di MILANO-BICOCCA,12621570154,Università degli Studi INSUBRIA Varese-Como,95039180120,1,124,0.008064516129032258,2026PBSNLJ
Overall,Università degli Studi di MILANO-BICOCCA,12621570154,"Università ""Campus Bio-Medico"" di ROMA",97087620585,1,124,0.008064516129032258,2026PZH329
Overall,Università degli Studi di SIENA,80002070524,Università degli Studi di PADOVA,80006480281,1,124,0.008064516129032258,2026PM97LY
Overall,Università degli Studi di SIENA,80002070524,Università degli Studi di FERRARA,80007370382,1,124,0.008064516129032258,2026PZXJPY
Overall,Università degli Studi di SIENA,80002070524,Università degli Studi di MILANO,80012650158,1,124,0.008064516129032258,2026PNCJBL
Overall,Università degli Studi di SIENA,80002070524,Università degli Studi di SALERNO,80018670655,1,124,0.008064516129032258,2026PXWX5Z
Overall,Università degli Studi di SIENA,80002070524,Politecnico di MILANO,80057930150,1,124,0.008064516129032258,2026PTCCMW
Overall,Università degli Studi di SIENA,80002070524,"Università degli Studi di ROMA ""La Sapienza""",80209930587,1,124,0.008064516129032258,2026PXWX5Z
Overall,Università degli Studi di SIENA,80002070524,"Università degli Studi di ROMA ""Tor Vergata""",80213750583,1,124,0.008064516129032258,2026PXWX5Z
Overall,Università degli Studi di SIENA,80002070524,"Università degli Studi ""G. d'Annunzio"" CHIETI-PESCARA",93002750698,1,124,0.008064516129032258,2026PM45NT
Overall,Università degli Studi di SIENA,80002070524,"Università degli Studi ""Magna Graecia"" di CATANZARO",97026980793,1,124,0.008064516129032258,2026PNCJBL
Overall,Università degli Studi di SIENA,80002070524,UniCamillus - Saint Camillus International University of Health Sciences,97962900581,1,124,0.008064516129032258,2026PM45NT
Overall,Università degli Studi di BARI ALDO MORO,80002170720,Alma Mater Studiorum - Università di BOLOGNA,80007010376,1,124,0.008064516129032258,2026P93X8R
Overall,Università degli Studi di BARI ALDO MORO,80002170720,Università del SALENTO,80008870752,1,124,0.008064516129032258,2026PN4LPF
Overall,Università degli Studi di BARI ALDO MORO,80002170720,Università degli Studi di PALERMO,80023730825,1,124,0.008064516129032258,2026PNB5SZ
Overall,Università degli Studi di BARI ALDO MORO,80002170720,Università degli Studi di TORINO,80088230018,1,124,0.008064516129032258,2026P8R9FN
Overall,Università degli Studi di BARI ALDO MORO,80002170720,Università degli Studi di Urbino Carlo Bo,82002850418,1,124,0.008064516129032258,2026PNB5SZ
Overall,Università degli Studi di BARI ALDO MORO,80002170720,"Università Telematica ""E-CAMPUS""",90027520130,1,124,0.008064516129032258,2026P93X8R
Overall,Università degli Studi di BARI ALDO MORO,80002170720,Università degli Studi di VERONA,93009870234,1,124,0.008064516129032258,2026PNB5SZ
Overall,Università degli Studi di BARI ALDO MORO,80002170720,Università degli Studi del PIEMONTE ORIENTALE,94021400026,1,124,0.008064516129032258,2026P93X8R
Overall,Università degli Studi di BARI ALDO MORO,80002170720,Università degli Studi di FOGGIA,94045260711,1,124,0.008064516129032258,2026PJYZXJ
Overall,Università degli Studi di BARI ALDO MORO,80002170720,"Università degli Studi ""Magna Graecia"" di CATANZARO",97026980793,1,124,0.008064516129032258,2026PNCJBL
Overall,Università per Stranieri di PERUGIA,80002630541,Università degli Studi di PAVIA,80007270186,1,124,0.008064516129032258,2026PF7RZ7
Overall,Università di PISA,80003670504,Università degli Studi di PAVIA,80007270186,1,124,0.008064516129032258,2026P392RW
Overall,Università di PISA,80003670504,Università IUAV di VENEZIA,80009280274,1,124,0.008064516129032258,2026P5WRZ8
Overall,Università di PISA,80003670504,Università degli Studi di SALERNO,80018670655,1,124,0.008064516129032258,2026P5WRZ8
Overall,Università di PISA,80003670504,Università degli Studi di CAGLIARI,80019600925,1,124,0.008064516129032258,2026P94K5N
Overall,Università di PISA,80003670504,Università degli Studi di PALERMO,80023730825,1,124,0.008064516129032258,2026PW7ZC9
Overall,Università di PISA,80003670504,Politecnico di MILANO,80057930150,1,124,0.008064516129032258,2026PC7X2J
Overall,Università di PISA,80003670504,Università degli Studi di CAMERINO,81001910439,1,124,0.008064516129032258,2026P59J42
Overall,Università di PISA,80003670504,Università degli Studi di CASSINO e del LAZIO MERIDIONALE,81006500607,1,124,0.008064516129032258,2026PRM3Y8
Overall,Università di PISA,80003670504,Università degli Studi INSUBRIA Varese-Como,95039180120,1,124,0.008064516129032258,2026P3TTLE
Overall,Università di PISA,80003670504,"Università ""Campus Bio-Medico"" di ROMA",97087620585,1,124,0.008064516129032258,2026PZH329
Overall,Università di PISA,80003670504,UNISR - Università Vita Salute San Raffaele,97187560152,1,124,0.008064516129032258,2026PZH329
Overall,Università di PISA,80003670504,Istituto Nazionale di Astrofisica,97220210583,1,124,0.008064516129032258,2026P59TTH
Overall,Università di PISA,80003670504,HUMANITAS University,97692990159,1,124,0.008064516129032258,2026PP8FMT
Overall,Università di PISA,80003670504,Università degli Studi di BRESCIA,98007650173,1,124,0.008064516129032258,2026PRM3Y8
Overall,Università della CALABRIA,80003950781,Alma Mater Studiorum - Università di BOLOGNA,80007010376,1,124,0.008064516129032258,2026PMAYZE
Overall,Università della CALABRIA,80003950781,Università degli Studi di SALERNO,80018670655,1,124,0.008064516129032258,2026PWTWM5
Overall,Università della CALABRIA,80003950781,Università degli Studi di PALERMO,80023730825,1,124,0.008064516129032258,2026PP584L
Overall,Università della CALABRIA,80003950781,Politecnico di MILANO,80057930150,1,124,0.008064516129032258,2026PMAYZE
Overall,Università della CALABRIA,80003950781,"Università degli Studi di ROMA ""Tor Vergata""",80213750583,1,124,0.008064516129032258,2026PL4ZKA
Overall,Università della CALABRIA,80003950781,Università degli Studi di CASSINO e del LAZIO MERIDIONALE,81006500607,1,124,0.008064516129032258,2026PWTWM5
Overall,Università della CALABRIA,80003950781,Università degli Studi di BRESCIA,98007650173,1,124,0.008064516129032258,2026PNA3F7
Overall,Università degli Studi di MESSINA,80004070837,Università degli Studi di PAVIA,80007270186,1,124,0.008064516129032258,2026PN4LPF
Overall,Università degli Studi di MESSINA,80004070837,Università del SALENTO,80008870752,1,124,0.008064516129032258,2026PN4LPF
Overall,Università degli Studi di MESSINA,80004070837,"Università degli Studi di NAPOLI ""Parthenope""",80018240632,1,124,0.008064516129032258,2026PRT73L
Overall,Università degli Studi di MESSINA,80004070837,Università degli Studi di PALERMO,80023730825,1,124,0.008064516129032258,2026PP99C8
Overall,Università degli Studi di MESSINA,80004070837,Consiglio Nazionale delle Ricerche,80054330586,1,124,0.008064516129032258,2026PSLPF4
Overall,Università degli Studi di MESSINA,80004070837,Politecnico di MILANO,80057930150,1,124,0.008064516129032258,2026PSLPF4
Overall,Università degli Studi di MESSINA,80004070837,"Università degli Studi di ROMA ""Tor Vergata""",80213750583,1,124,0.008064516129032258,2026PBPH3Z
Overall,Università degli Studi di MESSINA,80004070837,UNISR - Università Vita Salute San Raffaele,97187560152,1,124,0.008064516129032258,2026PCC9XM
Overall,Scuola Normale Superiore di PISA,80005050507,Politecnico di MILANO,80057930150,1,124,0.008064516129032258,2026P3T2LW
Overall,Scuola Normale Superiore di PISA,80005050507,Università degli Studi di TORINO,80088230018,1,124,0.008064516129032258,2026P3T2LW
Overall,Scuola Normale Superiore di PISA,80005050507,"Università degli Studi di ROMA ""La Sapienza""",80209930587,1,124,0.008064516129032258,2026P3T2LW
Overall,Scuola Normale Superiore di PISA,80005050507,"Università degli Studi di ROMA ""Tor Vergata""",80213750583,1,124,0.008064516129032258,2026P3T2LW
Overall,Università degli Studi di PADOVA,80006480281,Università degli Studi di FERRARA,80007370382,1,124,0.008064516129032258,2026PLC5LA
Overall,Università degli Studi di PADOVA,80006480281,Università del SALENTO,80008870752,1,124,0.008064516129032258,2026PN4LPF
Overall,Università degli Studi di PADOVA,80006480281,Università degli Studi di TRIESTE,80013890324,1,124,0.008064516129032258,2026PNZE48
Overall,Università degli Studi di PADOVA,80006480281,Università degli Studi di SALERNO,80018670655,1,124,0.008064516129032258,2026PNS22N
Overall,Università degli Studi di PADOVA,80006480281,Scuola Internazionale Superiore di Studi Avanzati di TRIESTE,80035060328,1,124,0.008064516129032258,2026PE8RSJ
Overall,Università degli Studi di PADOVA,80006480281,Università degli Studi di CASSINO e del LAZIO MERIDIONALE,81006500607,1,124,0.008064516129032258,2026PNS22N
Overall,Università degli Studi di PADOVA,80006480281,Università degli Studi di Urbino Carlo Bo,82002850418,1,124,0.008064516129032258,2026PB3CXT
Overall,Università degli Studi di PADOVA,80006480281,Istituto Nazionale di Fisica Nucleare,84001850589,1,124,0.008064516129032258,2026PNCHKR
Overall,Università degli Studi di PADOVA,80006480281,Università degli Studi di TERAMO,92012890676,1,124,0.008064516129032258,2026P4BN2S
Overall,Università degli Studi di PADOVA,80006480281,Scuola IMT Alti Studi - LUCCA,92037570469,1,124,0.008064516129032258,2026PE8RSJ
Overall,Università degli Studi di PADOVA,80006480281,Università degli Studi di FOGGIA,94045260711,1,124,0.008064516129032258,2026P4BN2S
Overall,Università degli Studi di PADOVA,80006480281,Università degli Studi INSUBRIA Varese-Como,95039180120,1,124,0.008064516129032258,2026PLC5LA
Overall,Università degli Studi di PADOVA,80006480281,"Università ""Campus Bio-Medico"" di ROMA",97087620585,1,124,0.008064516129032258,2026PCAZ2P
Overall,Università degli Studi di PADOVA,80006480281,UNISR - Università Vita Salute San Raffaele,97187560152,1,124,0.008064516129032258,2026PLRFP7
Overall,Università degli Studi di PADOVA,80006480281,Istituto Nazionale di Astrofisica,97220210583,1,124,0.008064516129032258,2026PZ8WMF
Overall,Università degli Studi di PADOVA,80006480281,HUMANITAS University,97692990159,1,124,0.008064516129032258,2026PP8FMT
Overall,Università degli Studi di PADOVA,80006480281,Università degli Studi di BRESCIA,98007650173,1,124,0.008064516129032258,2026P4BN2S
Overall,ACCADEMIA DI BELLE ARTI DI FROSINONE,80006930608,Consiglio Nazionale delle Ricerche,80054330586,1,124,0.008064516129032258,2026PEPNKS
Overall,ACCADEMIA DI BELLE ARTI DI FROSINONE,80006930608,"Università degli Studi di ROMA ""Tor Vergata""",80213750583,1,124,0.008064516129032258,2026PEPNKS
Overall,ACCADEMIA DI BELLE ARTI DI FROSINONE,80006930608,Università degli Studi di CASSINO e del LAZIO MERIDIONALE,81006500607,1,124,0.008064516129032258,2026PEPNKS
Overall,Alma Mater Studiorum - Università di BOLOGNA,80007010376,Università IUAV di VENEZIA,80009280274,1,124,0.008064516129032258,2026P5WRZ8
Overall,Alma Mater Studiorum - Università di BOLOGNA,80007010376,Università degli Studi di CAGLIARI,80019600925,1,124,0.008064516129032258,2026PZ8WMF
Overall,Alma Mater Studiorum - Università di BOLOGNA,80007010376,Università degli Studi di PALERMO,80023730825,1,124,0.008064516129032258,2026PW7ZC9
Overall,Alma Mater Studiorum - Università di BOLOGNA,80007010376,Università degli Studi della TUSCIA,80029030568,1,124,0.008064516129032258,2026P43HCN
Overall,Alma Mater Studiorum - Università di BOLOGNA,80007010376,Università degli Studi di CAMERINO,81001910439,1,124,0.008064516129032258,2026PWFFF4
Overall,Alma Mater Studiorum - Università di BOLOGNA,80007010376,Università degli Studi di CASSINO e del LAZIO MERIDIONALE,81006500607,1,124,0.008064516129032258,2026PRM3Y8
Overall,Alma Mater Studiorum - Università di BOLOGNA,80007010376,Istituto Nazionale di Fisica Nucleare,84001850589,1,124,0.008064516129032258,2026PNCHKR
Overall,Alma Mater Studiorum - Università di BOLOGNA,80007010376,"Università Telematica ""E-CAMPUS""",90027520130,1,124,0.008064516129032258,2026P93X8R
Overall,Alma Mater Studiorum - Università di BOLOGNA,80007010376,Scuola IMT Alti Studi - LUCCA,92037570469,1,124,0.008064516129032258,2026P93SNJ
Overall,Alma Mater Studiorum - Università di BOLOGNA,80007010376,Università degli Studi di VERONA,93009870234,1,124,0.008064516129032258,2026PYP5C3
Overall,Alma Mater Studiorum - Università di BOLOGNA,80007010376,Università degli Studi del PIEMONTE ORIENTALE,94021400026,1,124,0.008064516129032258,2026P93X8R
Overall,Alma Mater Studiorum - Università di BOLOGNA,80007010376,Scuola Superiore Meridionale,95315120634,1,124,0.008064516129032258,2026PMHZJW
Overall,Alma Mater Studiorum - Università di BOLOGNA,80007010376,I.U.S.S. - Istituto Universitario di Studi Superiori - PAVIA,96049740184,1,124,0.008064516129032258,2026PTH2J2
Overall,Alma Mater Studiorum - Università di BOLOGNA,80007010376,UNISR - Università Vita Salute San Raffaele,97187560152,1,124,0.008064516129032258,2026PTH2J2
Overall,Alma Mater Studiorum - Università di BOLOGNA,80007010376,Istituto Nazionale di Astrofisica,97220210583,1,124,0.008064516129032258,2026PZ8WMF
Overall,Università degli Studi di PAVIA,80007270186,Università degli Studi di FERRARA,80007370382,1,124,0.008064516129032258,2026PYFEZ9
Overall,Università degli Studi di PAVIA,80007270186,Università Ca' Foscari VENEZIA,80007720271,1,124,0.008064516129032258,2026P8CJTH
Overall,Università degli Studi di PAVIA,80007270186,Università del SALENTO,80008870752,1,124,0.008064516129032258,2026PN4LPF
Overall,Università degli Studi di PAVIA,80007270186,Scuola Internazionale Superiore di Studi Avanzati di TRIESTE,80035060328,1,124,0.008064516129032258,2026P392RW
Overall,Università degli Studi di PAVIA,80007270186,Politecnico di MILANO,80057930150,1,124,0.008064516129032258,2026PKHJA4
Overall,Università degli Studi di PAVIA,80007270186,Università degli Studi di TORINO,80088230018,1,124,0.008064516129032258,2026P8CJTH
Overall,Università degli Studi di PAVIA,80007270186,"Università degli Studi di ROMA ""Tor Vergata""",80213750583,1,124,0.008064516129032258,2026PYFEZ9
Overall,Università degli Studi di PAVIA,80007270186,"Università Telematica ""E-CAMPUS""",90027520130,1,124,0.008064516129032258,2026P93X8R
Overall,Università degli Studi di PAVIA,80007270186,Università degli Studi di VERONA,93009870234,1,124,0.008064516129032258,2026PYFEZ9
Overall,Università degli Studi di PAVIA,80007270186,Politecnico di BARI,93051590722,1,124,0.008064516129032258,2026PW4NBT
Overall,Università degli Studi di PAVIA,80007270186,Università degli Studi del PIEMONTE ORIENTALE,94021400026,1,124,0.008064516129032258,2026P93X8R
Overall,Università degli Studi di FERRARA,80007370382,"Università degli Studi di ROMA ""La Sapienza""",80209930587,1,124,0.008064516129032258,2026PLC5LA
Overall,Università degli Studi di FERRARA,80007370382,"Università degli Studi di ROMA ""Tor Vergata""",80213750583,1,124,0.008064516129032258,2026PYFEZ9
Overall,Università degli Studi di FERRARA,80007370382,Scuola IMT Alti Studi - LUCCA,92037570469,1,124,0.008064516129032258,2026PZ7AX7
Overall,Università degli Studi di FERRARA,80007370382,Università degli Studi INSUBRIA Varese-Como,95039180120,1,124,0.008064516129032258,2026PLC5LA
Overall,Università Ca' Foscari VENEZIA,80007720271,Università degli Studi di TRIESTE,80013890324,1,124,0.008064516129032258,2026PRWBFN
Overall,Università del SALENTO,80008870752,Università degli Studi di TRIESTE,80013890324,1,124,0.008064516129032258,2026PT4KJY
Overall,Università del SALENTO,80008870752,Università degli Studi del PIEMONTE ORIENTALE,94021400026,1,124,0.008064516129032258,2026PT4KJY
Overall,Università IUAV di VENEZIA,80009280274,Università degli Studi di SALERNO,80018670655,1,124,0.008064516129032258,2026P5WRZ8
Overall,Università IUAV di VENEZIA,80009280274,"Università degli Studi di ROMA ""Tor Vergata""",80213750583,1,124,0.008064516129032258,2026P5WRZ8
Overall,Università degli Studi di MILANO,80012650158,Università degli Studi di SALERNO,80018670655,1,124,0.008064516129032258,2026P42P95
Overall,Università degli Studi di MILANO,80012650158,Università degli Studi di PALERMO,80023730825,1,124,0.008064516129032258,2026PNT4XW
Overall,Università degli Studi di MILANO,80012650158,Politecnico di MILANO,80057930150,1,124,0.008064516129032258,2026PNZE48
Overall,Università degli Studi di MILANO,80012650158,Università degli Studi di CAMERINO,81001910439,1,124,0.008064516129032258,2026PWFFF4
Overall,Università degli Studi di MILANO,80012650158,Scuola IMT Alti Studi - LUCCA,92037570469,1,124,0.008064516129032258,2026P93SNJ
Overall,Università degli Studi di MILANO,80012650158,Università degli Studi di FOGGIA,94045260711,1,124,0.008064516129032258,2026PJYZXJ
Overall,Università degli Studi di MILANO,80012650158,Università degli Studi della BASILICATA,96003410766,1,124,0.008064516129032258,2026PBZJ8K
Overall,Università degli Studi di MILANO,80012650158,"Università ""Campus Bio-Medico"" di ROMA",97087620585,1,124,0.008064516129032258,2026PS3E2E
Overall,Università degli Studi di MILANO,80012650158,UNISR - Università Vita Salute San Raffaele,97187560152,1,124,0.008064516129032258,2026PLRFP7
Overall,Università degli Studi di MILANO,80012650158,Istituto Nazionale di Astrofisica,97220210583,1,124,0.008064516129032258,2026PWYR42
Overall,Università degli Studi di MILANO,80012650158,Università Telematica San Raffaele Roma,97471900155,1,124,0.008064516129032258,2026P42P95
Overall,Università degli Studi di MILANO,80012650158,Università degli Studi di BRESCIA,98007650173,1,124,0.008064516129032258,2026PZMLMW
Overall,Università degli Studi di TRIESTE,80013890324,Università degli Studi di CAGLIARI,80019600925,1,124,0.008064516129032258,2026PWZR49
Overall,Università degli Studi di TRIESTE,80013890324,Scuola Internazionale Superiore di Studi Avanzati di TRIESTE,80035060328,1,124,0.008064516129032258,2026PWYR42
Overall,Università degli Studi di TRIESTE,80013890324,Istituto Nazionale di Fisica Nucleare,84001850589,1,124,0.008064516129032258,2026PWZR49
Overall,Università degli Studi di TRIESTE,80013890324,"Università Telematica ""E-CAMPUS""",90027520130,1,124,0.008064516129032258,2026PEW38H
Overall,Università degli Studi di TRIESTE,80013890324,"Università degli Studi ""G. d'Annunzio"" CHIETI-PESCARA",93002750698,1,124,0.008064516129032258,2026PEW38H
Overall,Università degli Studi di TRIESTE,80013890324,Istituto Nazionale di Astrofisica,97220210583,1,124,0.008064516129032258,2026PWYR42
Overall,Università degli Studi di UDINE,80014550307,Consiglio Nazionale delle Ricerche,80054330586,1,124,0.008064516129032258,2026P7C5HF
Overall,Università degli Studi di UDINE,80014550307,"Università degli Studi di ROMA ""La Sapienza""",80209930587,1,124,0.008064516129032258,2026P7C5HF
Overall,Università degli Studi di UDINE,80014550307,Istituto Nazionale di Fisica Nucleare,84001850589,1,124,0.008064516129032258,2026P7C5HF
Overall,"Università degli Studi di NAPOLI ""Parthenope""",80018240632,Università degli Studi della TUSCIA,80029030568,1,124,0.008064516129032258,2026PPCYZY
Overall,"Università degli Studi di NAPOLI ""Parthenope""",80018240632,Politecnico di MILANO,80057930150,1,124,0.008064516129032258,2026PWELAN
Overall,"Università degli Studi di NAPOLI ""Parthenope""",80018240632,"Università degli Studi di ROMA ""La Sapienza""",80209930587,1,124,0.008064516129032258,2026PM5L5M
Overall,"Università degli Studi di NAPOLI ""Parthenope""",80018240632,"Università degli Studi di ROMA ""Tor Vergata""",80213750583,1,124,0.008064516129032258,2026PPCYZY
Overall,"Università degli Studi di NAPOLI ""Parthenope""",80018240632,Università degli Studi di CAMERINO,81001910439,1,124,0.008064516129032258,2026PM5L5M
Overall,"Università degli Studi di NAPOLI ""Parthenope""",80018240632,Università degli Studi di CASSINO e del LAZIO MERIDIONALE,81006500607,1,124,0.008064516129032258,2026PJMWPX
Overall,"Università degli Studi di NAPOLI ""Parthenope""",80018240632,Istituto Nazionale di Fisica Nucleare,84001850589,1,124,0.008064516129032258,2026PM5L5M
Overall,"Università degli Studi di NAPOLI ""Parthenope""",80018240632,"Università Telematica ""E-CAMPUS""",90027520130,1,124,0.008064516129032258,2026PM5L5M
Overall,"Università degli Studi di NAPOLI ""Parthenope""",80018240632,Politecnico di BARI,93051590722,1,124,0.008064516129032258,2026PWELAN
Overall,"Università degli Studi di NAPOLI ""Parthenope""",80018240632,Università degli Studi di FOGGIA,94045260711,1,124,0.008064516129032258,2026PJMWPX
Overall,Università degli Studi di SALERNO,80018670655,Università degli Studi della TUSCIA,80029030568,1,124,0.008064516129032258,2026PPCYZY
Overall,Università degli Studi di SALERNO,80018670655,Università degli Studi del MOLISE,92008370709,1,124,0.008064516129032258,2026PT4LAW
Overall,Università degli Studi di SALERNO,80018670655,"LUM ""Giuseppe Degennaro""",93135780729,1,124,0.008064516129032258,2026PCPCC3
Overall,Università degli Studi di SALERNO,80018670655,Università degli Studi di FOGGIA,94045260711,1,124,0.008064516129032258,2026PJMWPX
Overall,Università degli Studi di SALERNO,80018670655,Scuola Superiore Meridionale,95315120634,1,124,0.008064516129032258,2026PMHZJW
Overall,Università degli Studi di SALERNO,80018670655,Università Telematica San Raffaele Roma,97471900155,1,124,0.008064516129032258,2026P42P95
Overall,Università degli Studi di CAGLIARI,80019600925,Politecnico di MILANO,80057930150,1,124,0.008064516129032258,2026PZ8WMF
Overall,Università degli Studi di CAGLIARI,80019600925,"Università degli Studi di ROMA ""La Sapienza""",80209930587,1,124,0.008064516129032258,2026P94K5N
Overall,Università degli Studi di CAGLIARI,80019600925,Istituto Nazionale di Fisica Nucleare,84001850589,1,124,0.008064516129032258,2026PWZR49
Overall,Università degli Studi di CAGLIARI,80019600925,Università degli Studi di TERAMO,92012890676,1,124,0.008064516129032258,2026P4BN2S
Overall,Università degli Studi di CAGLIARI,80019600925,Università degli Studi del PIEMONTE ORIENTALE,94021400026,1,124,0.008064516129032258,2026PWZR49
Overall,Università degli Studi di CAGLIARI,80019600925,Università degli Studi di FOGGIA,94045260711,1,124,0.008064516129032258,2026P4BN2S
Overall,Università degli Studi di CAGLIARI,80019600925,Istituto Nazionale di Astrofisica,97220210583,1,124,0.008064516129032258,2026PZ8WMF
Overall,Università degli Studi di CAGLIARI,80019600925,Università degli Studi di BRESCIA,98007650173,1,124,0.008064516129032258,2026P4BN2S
Overall,Università degli Studi di PALERMO,80023730825,Università degli Studi di CAMERINO,81001910439,1,124,0.008064516129032258,2026PSJ7S2
Overall,Università degli Studi di PALERMO,80023730825,Università degli Studi di Urbino Carlo Bo,82002850418,1,124,0.008064516129032258,2026PNB5SZ
Overall,Università degli Studi di PALERMO,80023730825,Università degli Studi di VERONA,93009870234,1,124,0.008064516129032258,2026PNB5SZ
Overall,Università degli Studi di PALERMO,80023730825,Università degli Studi INSUBRIA Varese-Como,95039180120,1,124,0.008064516129032258,2026PNT4XW
Overall,Università degli Studi di PALERMO,80023730825,UNISR - Università Vita Salute San Raffaele,97187560152,1,124,0.008064516129032258,2026PJCJL7
Overall,Università degli Studi di PALERMO,80023730825,Università degli Studi di BRESCIA,98007650173,1,124,0.008064516129032258,2026PJCJL7
Overall,Università degli Studi della TUSCIA,80029030568,"Università degli Studi di ROMA ""La Sapienza""",80209930587,1,124,0.008064516129032258,2026P43HCN
Overall,Università degli Studi della TUSCIA,80029030568,"Università degli Studi di ROMA ""Tor Vergata""",80213750583,1,124,0.008064516129032258,2026PPCYZY
Overall,Scuola Internazionale Superiore di Studi Avanzati di TRIESTE,80035060328,Università degli Studi di TORINO,80088230018,1,124,0.008064516129032258,2026PWYR42
Overall,Scuola Internazionale Superiore di Studi Avanzati di TRIESTE,80035060328,"Università degli Studi di ROMA ""Tor Vergata""",80213750583,1,124,0.008064516129032258,2026PHMPHK
Overall,Scuola Internazionale Superiore di Studi Avanzati di TRIESTE,80035060328,Scuola IMT Alti Studi - LUCCA,92037570469,1,124,0.008064516129032258,2026PE8RSJ
Overall,Consiglio Nazionale delle Ricerche,80054330586,Università degli Studi di CAMERINO,81001910439,1,124,0.008064516129032258,2026PSJ7S2
Overall,Consiglio Nazionale delle Ricerche,80054330586,Università degli Studi di CASSINO e del LAZIO MERIDIONALE,81006500607,1,124,0.008064516129032258,2026PEPNKS
Overall,Consiglio Nazionale delle Ricerche,80054330586,Università degli Studi di Urbino Carlo Bo,82002850418,1,124,0.008064516129032258,2026PB3CXT
Overall,Consiglio Nazionale delle Ricerche,80054330586,Istituto Nazionale di Fisica Nucleare,84001850589,1,124,0.008064516129032258,2026P7C5HF
Overall,Consiglio Nazionale delle Ricerche,80054330586,"Università Telematica ""E-CAMPUS""",90027520130,1,124,0.008064516129032258,2026PEW38H
Overall,Consiglio Nazionale delle Ricerche,80054330586,"Università degli Studi ""G. d'Annunzio"" CHIETI-PESCARA",93002750698,1,124,0.008064516129032258,2026PEW38H
Overall,Consiglio Nazionale delle Ricerche,80054330586,Politecnico di BARI,93051590722,1,124,0.008064516129032258,2026PWELAN
Overall,Consiglio Nazionale delle Ricerche,80054330586,"LUM ""Giuseppe Degennaro""",93135780729,1,124,0.008064516129032258,2026PCPCC3
Overall,Consiglio Nazionale delle Ricerche,80054330586,Università degli Studi di FOGGIA,94045260711,1,124,0.008064516129032258,2026PJ528E
Overall,Consiglio Nazionale delle Ricerche,80054330586,Università degli Studi INSUBRIA Varese-Como,95039180120,1,124,0.008064516129032258,2026PNT4XW
Overall,Consiglio Nazionale delle Ricerche,80054330586,Università degli Studi della BASILICATA,96003410766,1,124,0.008064516129032258,2026PBZJ8K
Overall,Consiglio Nazionale delle Ricerche,80054330586,"Università degli Studi ""Magna Graecia"" di CATANZARO",97026980793,1,124,0.008064516129032258,2026PJM4N4
Overall,Consiglio Nazionale delle Ricerche,80054330586,"Università ""Campus Bio-Medico"" di ROMA",97087620585,1,124,0.008064516129032258,2026PCAZ2P
Overall,Consiglio Nazionale delle Ricerche,80054330586,Università Telematica San Raffaele Roma,97471900155,1,124,0.008064516129032258,2026PH9WNA
Overall,Consiglio Nazionale delle Ricerche,80054330586,UniCamillus - Saint Camillus International University of Health Sciences,97962900581,1,124,0.008064516129032258,2026P3TPWX
Overall,Consiglio Nazionale delle Ricerche,80054330586,Università degli Studi di BRESCIA,98007650173,1,124,0.008064516129032258,2026PFJ75P
Overall,Politecnico di MILANO,80057930150,"Università degli Studi di ROMA ""Tor Vergata""",80213750583,1,124,0.008064516129032258,2026P3T2LW
Overall,Politecnico di MILANO,80057930150,Istituto Nazionale di Astrofisica,97220210583,1,124,0.008064516129032258,2026PZ8WMF
Overall,Università degli Studi di TORINO,80088230018,Università degli Studi di CAMERINO,81001910439,1,124,0.008064516129032258,2026P59J42
Overall,Università degli Studi di TORINO,80088230018,Università degli Studi di VERONA,93009870234,1,124,0.008064516129032258,2026PYP5C3
Overall,Università degli Studi di TORINO,80088230018,"Università ""Campus Bio-Medico"" di ROMA",97087620585,1,124,0.008064516129032258,2026PZH329
Overall,Università degli Studi di TORINO,80088230018,Istituto Nazionale di Astrofisica,97220210583,1,124,0.008064516129032258,2026PWYR42
Overall,Università degli Studi di TORINO,80088230018,Università Telematica San Raffaele Roma,97471900155,1,124,0.008064516129032258,2026PH9WNA
Overall,Università degli Studi di TORINO,80088230018,Università degli Studi di BRESCIA,98007650173,1,124,0.008064516129032258,2026PJCJL7
Overall,"Università degli Studi di ROMA ""La Sapienza""",80209930587,"Università Telematica ""E-CAMPUS""",90027520130,1,124,0.008064516129032258,2026PM5L5M
Overall,"Università degli Studi di ROMA ""La Sapienza""",80209930587,"Università degli Studi ""G. d'Annunzio"" CHIETI-PESCARA",93002750698,1,124,0.008064516129032258,2026PKHE87
Overall,"Università degli Studi di ROMA ""La Sapienza""",80209930587,Politecnico di BARI,93051590722,1,124,0.008064516129032258,2026PPLHWR
Overall,"Università degli Studi di ROMA ""La Sapienza""",80209930587,"LUM ""Giuseppe Degennaro""",93135780729,1,124,0.008064516129032258,2026PCPCC3
Overall,"Università degli Studi di ROMA ""La Sapienza""",80209930587,Università degli Studi del PIEMONTE ORIENTALE,94021400026,1,124,0.008064516129032258,2026PNCR7Y
Overall,"Università degli Studi di ROMA ""La Sapienza""",80209930587,"Università degli Studi ""Magna Graecia"" di CATANZARO",97026980793,1,124,0.008064516129032258,2026P42P95
Overall,"Università degli Studi di ROMA ""La Sapienza""",80209930587,Istituto Nazionale di Astrofisica,97220210583,1,124,0.008064516129032258,2026P7JKEP
Overall,"Università degli Studi di ROMA ""La Sapienza""",80209930587,UniCamillus - Saint Camillus International University of Health Sciences,97962900581,1,124,0.008064516129032258,2026P3TPWX
Overall,"Università degli Studi di ROMA ""Tor Vergata""",80213750583,Università degli Studi di CASSINO e del LAZIO MERIDIONALE,81006500607,1,124,0.008064516129032258,2026PEPNKS
Overall,"Università degli Studi di ROMA ""Tor Vergata""",80213750583,Istituto Nazionale di Fisica Nucleare,84001850589,1,124,0.008064516129032258,2026P4JRKZ
Overall,"Università degli Studi di ROMA ""Tor Vergata""",80213750583,"Università degli Studi ""G. d'Annunzio"" CHIETI-PESCARA",93002750698,1,124,0.008064516129032258,2026PKHE87
Overall,"Università degli Studi di ROMA ""Tor Vergata""",80213750583,Università degli Studi del PIEMONTE ORIENTALE,94021400026,1,124,0.008064516129032258,2026PBZJ8K
Overall,"Università degli Studi di ROMA ""Tor Vergata""",80213750583,Università degli Studi di FOGGIA,94045260711,1,124,0.008064516129032258,2026PJ528E
Overall,"Università degli Studi di ROMA ""Tor Vergata""",80213750583,Università degli Studi della BASILICATA,96003410766,1,124,0.008064516129032258,2026PBZJ8K
Overall,"Università degli Studi di ROMA ""Tor Vergata""",80213750583,"Università ""Campus Bio-Medico"" di ROMA",97087620585,1,124,0.008064516129032258,2026PCAZ2P
Overall,"Università degli Studi di ROMA ""Tor Vergata""",80213750583,HUMANITAS University,97692990159,1,124,0.008064516129032258,2026PP8FMT
Overall,Università degli Studi di CAMERINO,81001910439,Istituto Nazionale di Fisica Nucleare,84001850589,1,124,0.008064516129032258,2026PM5L5M
Overall,Università degli Studi di CAMERINO,81001910439,"Università Telematica ""E-CAMPUS""",90027520130,1,124,0.008064516129032258,2026PM5L5M
Overall,Università degli Studi di CAMERINO,81001910439,Università degli Studi INSUBRIA Varese-Como,95039180120,1,124,0.008064516129032258,2026PWFFF4
Overall,Università degli Studi di CASSINO e del LAZIO MERIDIONALE,81006500607,Università degli Studi del MOLISE,92008370709,1,124,0.008064516129032258,2026PT4LAW
Overall,Università degli Studi di CASSINO e del LAZIO MERIDIONALE,81006500607,Università degli Studi di FOGGIA,94045260711,1,124,0.008064516129032258,2026PJMWPX
Overall,Università degli Studi di CASSINO e del LAZIO MERIDIONALE,81006500607,Università degli Studi di BRESCIA,98007650173,1,124,0.008064516129032258,2026PRM3Y8
Overall,Università degli Studi di Urbino Carlo Bo,82002850418,Università degli Studi di VERONA,93009870234,1,124,0.008064516129032258,2026PNB5SZ
Overall,Istituto Nazionale di Fisica Nucleare,84001850589,"Università Telematica ""E-CAMPUS""",90027520130,1,124,0.008064516129032258,2026PM5L5M
Overall,Istituto Nazionale di Fisica Nucleare,84001850589,Università degli Studi del PIEMONTE ORIENTALE,94021400026,1,124,0.008064516129032258,2026PWZR49
Overall,Istituto Nazionale di Fisica Nucleare,84001850589,Istituto Nazionale di Astrofisica,97220210583,1,124,0.008064516129032258,2026P59TTH
Overall,"Università Telematica ""E-CAMPUS""",90027520130,"Università degli Studi ""G. d'Annunzio"" CHIETI-PESCARA",93002750698,1,124,0.008064516129032258,2026PEW38H
Overall,"Università Telematica ""E-CAMPUS""",90027520130,Università degli Studi del PIEMONTE ORIENTALE,94021400026,1,124,0.008064516129032258,2026P93X8R
Overall,Università degli Studi di TERAMO,92012890676,Università degli Studi di FOGGIA,94045260711,1,124,0.008064516129032258,2026P4BN2S
Overall,Università degli Studi di TERAMO,92012890676,Università degli Studi di BRESCIA,98007650173,1,124,0.008064516129032258,2026P4BN2S
Overall,Scuola IMT Alti Studi - LUCCA,92037570469,Università degli Studi di VERONA,93009870234,1,124,0.008064516129032258,2026PZ7AX7
Overall,"Università degli Studi ""G. d'Annunzio"" CHIETI-PESCARA",93002750698,UniCamillus - Saint Camillus International University of Health Sciences,97962900581,1,124,0.008064516129032258,2026PM45NT
Overall,Università degli Studi di VERONA,93009870234,Università degli Studi di FOGGIA,94045260711,1,124,0.008064516129032258,2026PJ528E
Overall,Università degli Studi di VERONA,93009870234,UniCamillus - Saint Camillus International University of Health Sciences,97962900581,1,124,0.008064516129032258,2026P3TPWX
Overall,Università degli Studi del PIEMONTE ORIENTALE,94021400026,Università degli Studi della BASILICATA,96003410766,1,124,0.008064516129032258,2026PBZJ8K
Overall,Università degli Studi di FOGGIA,94045260711,Università degli Studi INSUBRIA Varese-Como,95039180120,1,124,0.008064516129032258,2026PBSNLJ
Overall,Università degli Studi di FOGGIA,94045260711,UNISR - Università Vita Salute San Raffaele,97187560152,1,124,0.008064516129032258,2026PBSNLJ
Overall,Università degli Studi di FOGGIA,94045260711,Università degli Studi di BRESCIA,98007650173,1,124,0.008064516129032258,2026P4BN2S
Overall,Università degli Studi INSUBRIA Varese-Como,95039180120,UNISR - Università Vita Salute San Raffaele,97187560152,1,124,0.008064516129032258,2026PBSNLJ
Overall,Università degli Studi INSUBRIA Varese-Como,95039180120,HUMANITAS University,97692990159,1,124,0.008064516129032258,2026PZMLMW
Overall,Università degli Studi INSUBRIA Varese-Como,95039180120,Università degli Studi di BRESCIA,98007650173,1,124,0.008064516129032258,2026PZMLMW
Overall,I.U.S.S. - Istituto Universitario di Studi Superiori - PAVIA,96049740184,UNISR - Università Vita Salute San Raffaele,97187560152,1,124,0.008064516129032258,2026PTH2J2
Overall,"Università degli Studi ""Magna Graecia"" di CATANZARO",97026980793,Università Telematica San Raffaele Roma,97471900155,1,124,0.008064516129032258,2026P42P95
Overall,"Università ""Campus Bio-Medico"" di ROMA",97087620585,UNISR - Università Vita Salute San Raffaele,97187560152,1,124,0.008064516129032258,2026PZH329
Overall,"Università ""Campus Bio-Medico"" di ROMA",97087620585,HUMANITAS University,97692990159,1,124,0.008064516129032258,2026PS3E2E
Overall,UNISR - Università Vita Salute San Raffaele,97187560152,Università degli Studi di BRESCIA,98007650173,1,124,0.008064516129032258,2026PJCJL7
Overall,HUMANITAS University,97692990159,Università degli Studi di BRESCIA,98007650173,1,124,0.008064516129032258,2026PZMLMW
LS2,Università degli Studi di PADOVA,80006480281,"Università degli Studi di ROMA ""La Sapienza""",80209930587,2,5,0.4,2026P3LEPC; 2026PPSM7R
LS2,Università degli Studi di PARMA,00308780345,Università degli Studi di MILANO,80012650158,1,5,0.2,2026P32FB5
LS2,Università degli Studi di PARMA,00308780345,Consiglio Nazionale delle Ricerche,80054330586,1,5,0.2,2026P32FB5
LS2,Università degli Studi di PARMA,00308780345,Università degli Studi del PIEMONTE ORIENTALE,94021400026,1,5,0.2,2026P32FB5
LS2,Università degli Studi di TRENTO,00340520220,Università degli Studi di PALERMO,80023730825,1,5,0.2,2026PJCJL7
LS2,Università degli Studi di TRENTO,00340520220,Università degli Studi di TORINO,80088230018,1,5,0.2,2026PJCJL7
LS2,Università degli Studi di TRENTO,00340520220,UNISR - Università Vita Salute San Raffaele,97187560152,1,5,0.2,2026PJCJL7
LS2,Università degli Studi di TRENTO,00340520220,Università degli Studi di BRESCIA,98007650173,1,5,0.2,2026PJCJL7
LS2,Università degli Studi di MODENA e REGGIO EMILIA,00427620364,Università degli Studi di PERUGIA,00448820548,1,5,0.2,2026P3LEPC
LS2,Università degli Studi di MODENA e REGGIO EMILIA,00427620364,Università degli Studi di PADOVA,80006480281,1,5,0.2,2026P3LEPC
LS2,Università degli Studi di MODENA e REGGIO EMILIA,00427620364,"Università degli Studi di ROMA ""La Sapienza""",80209930587,1,5,0.2,2026P3LEPC
LS2,Università degli Studi di PERUGIA,00448820548,Università degli Studi di PADOVA,80006480281,1,5,0.2,2026P3LEPC
LS2,Università degli Studi di PERUGIA,00448820548,"Università degli Studi di ROMA ""La Sapienza""",80209930587,1,5,0.2,2026P3LEPC
LS2,Università degli Studi di GENOVA,00754150100,Università degli Studi di Napoli Federico II,00876220633,1,5,0.2,2026PHKJ4C
LS2,Università degli Studi di GENOVA,00754150100,"Università degli Studi della Campania ""Luigi Vanvitelli""",02044190615,1,5,0.2,2026PHKJ4C
LS2,Università degli Studi di GENOVA,00754150100,Università degli Studi di TORINO,80088230018,1,5,0.2,2026PHKJ4C
LS2,Università degli Studi di Napoli Federico II,00876220633,"Università degli Studi della Campania ""Luigi Vanvitelli""",02044190615,1,5,0.2,2026PHKJ4C
LS2,Università degli Studi di Napoli Federico II,00876220633,Università degli Studi di TORINO,80088230018,1,5,0.2,2026PHKJ4C
LS2,Università degli Studi dell'AQUILA,01021630668,Università degli Studi di PADOVA,80006480281,1,5,0.2,2026PPSM7R
LS2,Università degli Studi dell'AQUILA,01021630668,Università degli Studi di MILANO,80012650158,1,5,0.2,2026PPSM7R
LS2,Università degli Studi dell'AQUILA,01021630668,"Università degli Studi di ROMA ""La Sapienza""",80209930587,1,5,0.2,2026PPSM7R
LS2,"Università degli Studi della Campania ""Luigi Vanvitelli""",02044190615,Università degli Studi di TORINO,80088230018,1,5,0.2,2026PHKJ4C
LS2,Università degli Studi di PADOVA,80006480281,Università degli Studi di MILANO,80012650158,1,5,0.2,2026PPSM7R
LS2,Università degli Studi di MILANO,80012650158,Consiglio Nazionale delle Ricerche,80054330586,1,5,0.2,2026P32FB5
LS2,Università degli Studi di MILANO,80012650158,"Università degli Studi di ROMA ""La Sapienza""",80209930587,1,5,0.2,2026PPSM7R
LS2,Università degli Studi di MILANO,80012650158,Università degli Studi del PIEMONTE ORIENTALE,94021400026,1,5,0.2,2026P32FB5
LS2,Università degli Studi di PALERMO,80023730825,Università degli Studi di TORINO,80088230018,1,5,0.2,2026PJCJL7
LS2,Università degli Studi di PALERMO,80023730825,UNISR - Università Vita Salute San Raffaele,97187560152,1,5,0.2,2026PJCJL7
LS2,Università degli Studi di PALERMO,80023730825,Università degli Studi di BRESCIA,98007650173,1,5,0.2,2026PJCJL7
LS2,Consiglio Nazionale delle Ricerche,80054330586,Università degli Studi del PIEMONTE ORIENTALE,94021400026,1,5,0.2,2026P32FB5
LS2,Università degli Studi di TORINO,80088230018,UNISR - Università Vita Salute San Raffaele,97187560152,1,5,0.2,2026PJCJL7
LS2,Università degli Studi di TORINO,80088230018,Università degli Studi di BRESCIA,98007650173,1,5,0.2,2026PJCJL7
LS2,UNISR - Università Vita Salute San Raffaele,97187560152,Università degli Studi di BRESCIA,98007650173,1,5,0.2,2026PJCJL7
LS3,Università degli Studi di PADOVA,80006480281,Alma Mater Studiorum - Università di BOLOGNA,80007010376,2,4,0.5,2026PCAZ2P; 2026PXAXAX
LS3,Università degli Studi di PADOVA,80006480281,Università degli Studi di MILANO,80012650158,2,4,0.5,2026PNZE48; 2026PXAXAX
LS3,Università degli Studi di PADOVA,80006480281,Consiglio Nazionale delle Ricerche,80054330586,2,4,0.5,2026PCAZ2P; 2026PNZE48
LS3,Università degli Studi di PADOVA,80006480281,"Università degli Studi di ROMA ""Tor Vergata""",80213750583,2,4,0.5,2026P3J8LS; 2026PCAZ2P
LS3,Università degli Studi di PERUGIA,00448820548,Università di PISA,80003670504,1,4,0.25,2026P3J8LS
LS3,Università degli Studi di PERUGIA,00448820548,Università degli Studi di PADOVA,80006480281,1,4,0.25,2026P3J8LS
LS3,Università degli Studi di PERUGIA,00448820548,"Università degli Studi di ROMA ""Tor Vergata""",80213750583,1,4,0.25,2026P3J8LS
LS3,Università di PISA,80003670504,Università degli Studi di PADOVA,80006480281,1,4,0.25,2026P3J8LS
LS3,Università di PISA,80003670504,"Università degli Studi di ROMA ""Tor Vergata""",80213750583,1,4,0.25,2026P3J8LS
LS3,Università degli Studi di PADOVA,80006480281,Università degli Studi di TRIESTE,80013890324,1,4,0.25,2026PNZE48
LS3,Università degli Studi di PADOVA,80006480281,Politecnico di MILANO,80057930150,1,4,0.25,2026PNZE48
LS3,Università degli Studi di PADOVA,80006480281,Università degli Studi di TORINO,80088230018,1,4,0.25,2026PXAXAX
LS3,Università degli Studi di PADOVA,80006480281,"Università ""Campus Bio-Medico"" di ROMA",97087620585,1,4,0.25,2026PCAZ2P
LS3,Alma Mater Studiorum - Università di BOLOGNA,80007010376,Università degli Studi di MILANO,80012650158,1,4,0.25,2026PXAXAX
LS3,Alma Mater Studiorum - Università di BOLOGNA,80007010376,Consiglio Nazionale delle Ricerche,80054330586,1,4,0.25,2026PCAZ2P
LS3,Alma Mater Studiorum - Università di BOLOGNA,80007010376,Università degli Studi di TORINO,80088230018,1,4,0.25,2026PXAXAX
LS3,Alma Mater Studiorum - Università di BOLOGNA,80007010376,"Università degli Studi di ROMA ""Tor Vergata""",80213750583,1,4,0.25,2026PCAZ2P
LS3,Alma Mater Studiorum - Università di BOLOGNA,80007010376,"Università ""Campus Bio-Medico"" di ROMA",97087620585,1,4,0.25,2026PCAZ2P
LS3,Università degli Studi di MILANO,80012650158,Università degli Studi di TRIESTE,80013890324,1,4,0.25,2026PNZE48
LS3,Università degli Studi di MILANO,80012650158,Consiglio Nazionale delle Ricerche,80054330586,1,4,0.25,2026PNZE48
LS3,Università degli Studi di MILANO,80012650158,Politecnico di MILANO,80057930150,1,4,0.25,2026PNZE48
LS3,Università degli Studi di MILANO,80012650158,Università degli Studi di TORINO,80088230018,1,4,0.25,2026PXAXAX
LS3,Università degli Studi di TRIESTE,80013890324,Consiglio Nazionale delle Ricerche,80054330586,1,4,0.25,2026PNZE48
LS3,Università degli Studi di TRIESTE,80013890324,Politecnico di MILANO,80057930150,1,4,0.25,2026PNZE48
LS3,Consiglio Nazionale delle Ricerche,80054330586,Politecnico di MILANO,80057930150,1,4,0.25,2026PNZE48
LS3,Consiglio Nazionale delle Ricerche,80054330586,"Università degli Studi di ROMA ""Tor Vergata""",80213750583,1,4,0.25,2026PCAZ2P
LS3,Consiglio Nazionale delle Ricerche,80054330586,"Università ""Campus Bio-Medico"" di ROMA",97087620585,1,4,0.25,2026PCAZ2P
LS3,"Università degli Studi di ROMA ""Tor Vergata""",80213750583,"Università ""Campus Bio-Medico"" di ROMA",97087620585,1,4,0.25,2026PCAZ2P
LS4,"Università degli Studi della Campania ""Luigi Vanvitelli""",02044190615,"Università degli Studi di ROMA ""La Sapienza""",80209930587,4,12,0.3333333333333333,2026P8WEEP; 2026PJ528E; 2026PML3R8; 2026PW5A7S
LS4,Università degli Studi di MILANO,80012650158,"Università degli Studi di ROMA ""La Sapienza""",80209930587,3,12,0.25,2026PP8FMT; 2026PS3E2E; 2026PZMLMW
LS4,Università degli Studi di MILANO,80012650158,HUMANITAS University,97692990159,3,12,0.25,2026PP8FMT; 2026PS3E2E; 2026PZMLMW
LS4,"Università degli Studi di ROMA ""La Sapienza""",80209930587,"Università degli Studi di ROMA ""Tor Vergata""",80213750583,3,12,0.25,2026PJ528E; 2026PKHE87; 2026PP8FMT
LS4,"Università degli Studi di ROMA ""La Sapienza""",80209930587,HUMANITAS University,97692990159,3,12,0.25,2026PP8FMT; 2026PS3E2E; 2026PZMLMW
LS4,Università degli Studi di Napoli Federico II,00876220633,Università degli Studi di TORINO,80088230018,2,12,0.16666666666666666,2026PCC9XM; 2026PW5A7S
LS4,Università degli Studi di Napoli Federico II,00876220633,"Università degli Studi di ROMA ""La Sapienza""",80209930587,2,12,0.16666666666666666,2026PKHE87; 2026PW5A7S
LS4,Università degli Studi di FIRENZE,01279680480,"Università degli Studi di ROMA ""La Sapienza""",80209930587,2,12,0.16666666666666666,2026PKHE87; 2026PS3E2E
LS4,"Università degli Studi della Campania ""Luigi Vanvitelli""",02044190615,Università degli Studi di CATANIA,02772010878,2,12,0.16666666666666666,2026P8WEEP; 2026PML3R8
LS4,"Università degli Studi della Campania ""Luigi Vanvitelli""",02044190615,Consiglio Nazionale delle Ricerche,80054330586,2,12,0.16666666666666666,2026PJ528E; 2026PW5A7S
LS4,Università degli Studi di CATANIA,02772010878,"Università degli Studi di ROMA ""La Sapienza""",80209930587,2,12,0.16666666666666666,2026P8WEEP; 2026PML3R8
LS4,Università di PISA,80003670504,"Università degli Studi di ROMA ""La Sapienza""",80209930587,2,12,0.16666666666666666,2026PP8FMT; 2026PZH329
LS4,Alma Mater Studiorum - Università di BOLOGNA,80007010376,Università degli Studi di MILANO,80012650158,2,12,0.16666666666666666,2026PS3E2E; 2026PZMLMW
LS4,Alma Mater Studiorum - Università di BOLOGNA,80007010376,"Università degli Studi di ROMA ""La Sapienza""",80209930587,2,12,0.16666666666666666,2026PS3E2E; 2026PZMLMW
LS4,Alma Mater Studiorum - Università di BOLOGNA,80007010376,HUMANITAS University,97692990159,2,12,0.16666666666666666,2026PS3E2E; 2026PZMLMW
LS4,Consiglio Nazionale delle Ricerche,80054330586,"Università degli Studi di ROMA ""La Sapienza""",80209930587,2,12,0.16666666666666666,2026PJ528E; 2026PW5A7S
LS4,Università degli Studi di TORINO,80088230018,"Università degli Studi di ROMA ""La Sapienza""",80209930587,2,12,0.16666666666666666,2026PW5A7S; 2026PZH329
LS4,Università degli Studi di TORINO,80088230018,UNISR - Università Vita Salute San Raffaele,97187560152,2,12,0.16666666666666666,2026PCC9XM; 2026PZH329
LS4,"Università degli Studi di ROMA ""La Sapienza""",80209930587,"Università ""Campus Bio-Medico"" di ROMA",97087620585,2,12,0.16666666666666666,2026PS3E2E; 2026PZH329
LS4,Università degli Studi di TRENTO,00340520220,Università degli Studi di Napoli Federico II,00876220633,1,12,0.08333333333333333,2026PW5A7S
LS4,Università degli Studi di TRENTO,00340520220,"Università degli Studi della Campania ""Luigi Vanvitelli""",02044190615,1,12,0.08333333333333333,2026PW5A7S
LS4,Università degli Studi di TRENTO,00340520220,Consiglio Nazionale delle Ricerche,80054330586,1,12,0.08333333333333333,2026PW5A7S
LS4,Università degli Studi di TRENTO,00340520220,Università degli Studi di TORINO,80088230018,1,12,0.08333333333333333,2026PW5A7S
LS4,Università degli Studi di TRENTO,00340520220,"Università degli Studi di ROMA ""La Sapienza""",80209930587,1,12,0.08333333333333333,2026PW5A7S
LS4,Università degli Studi di GENOVA,00754150100,Università degli Studi di Napoli Federico II,00876220633,1,12,0.08333333333333333,2026PCC9XM
LS4,Università degli Studi di GENOVA,00754150100,Università Cattolica del Sacro Cuore,02133120150,1,12,0.08333333333333333,2026PCC9XM
LS4,Università degli Studi di GENOVA,00754150100,Università degli Studi di MESSINA,80004070837,1,12,0.08333333333333333,2026PCC9XM
LS4,Università degli Studi di GENOVA,00754150100,Università degli Studi di TORINO,80088230018,1,12,0.08333333333333333,2026PCC9XM
LS4,Università degli Studi di GENOVA,00754150100,UNISR - Università Vita Salute San Raffaele,97187560152,1,12,0.08333333333333333,2026PCC9XM
LS4,Università degli Studi di Napoli Federico II,00876220633,Università degli Studi di FIRENZE,01279680480,1,12,0.08333333333333333,2026PKHE87
LS4,Università degli Studi di Napoli Federico II,00876220633,"Università degli Studi della Campania ""Luigi Vanvitelli""",02044190615,1,12,0.08333333333333333,2026PW5A7S
LS4,Università degli Studi di Napoli Federico II,00876220633,Università Cattolica del Sacro Cuore,02133120150,1,12,0.08333333333333333,2026PCC9XM
LS4,Università degli Studi di Napoli Federico II,00876220633,Università degli Studi di MESSINA,80004070837,1,12,0.08333333333333333,2026PCC9XM
LS4,Università degli Studi di Napoli Federico II,00876220633,Consiglio Nazionale delle Ricerche,80054330586,1,12,0.08333333333333333,2026PW5A7S
LS4,Università degli Studi di Napoli Federico II,00876220633,"Università degli Studi di ROMA ""Tor Vergata""",80213750583,1,12,0.08333333333333333,2026PKHE87
LS4,Università degli Studi di Napoli Federico II,00876220633,"Università degli Studi ""G. d'Annunzio"" CHIETI-PESCARA",93002750698,1,12,0.08333333333333333,2026PKHE87
LS4,Università degli Studi di Napoli Federico II,00876220633,UNISR - Università Vita Salute San Raffaele,97187560152,1,12,0.08333333333333333,2026PCC9XM
LS4,Università degli Studi di FIRENZE,01279680480,Alma Mater Studiorum - Università di BOLOGNA,80007010376,1,12,0.08333333333333333,2026PS3E2E
LS4,Università degli Studi di FIRENZE,01279680480,Università degli Studi di MILANO,80012650158,1,12,0.08333333333333333,2026PS3E2E
LS4,Università degli Studi di FIRENZE,01279680480,"Università degli Studi di ROMA ""Tor Vergata""",80213750583,1,12,0.08333333333333333,2026PKHE87
LS4,Università degli Studi di FIRENZE,01279680480,"Università degli Studi ""G. d'Annunzio"" CHIETI-PESCARA",93002750698,1,12,0.08333333333333333,2026PKHE87
LS4,Università degli Studi di FIRENZE,01279680480,"Università ""Campus Bio-Medico"" di ROMA",97087620585,1,12,0.08333333333333333,2026PS3E2E
LS4,Università degli Studi di FIRENZE,01279680480,HUMANITAS University,97692990159,1,12,0.08333333333333333,2026PS3E2E
LS4,"Università degli Studi della Campania ""Luigi Vanvitelli""",02044190615,Università Cattolica del Sacro Cuore,02133120150,1,12,0.08333333333333333,2026PNCJBL
LS4,"Università degli Studi della Campania ""Luigi Vanvitelli""",02044190615,Università degli Studi di SIENA,80002070524,1,12,0.08333333333333333,2026PNCJBL
LS4,"Università degli Studi della Campania ""Luigi Vanvitelli""",02044190615,Università degli Studi di BARI ALDO MORO,80002170720,1,12,0.08333333333333333,2026PNCJBL
LS4,"Università degli Studi della Campania ""Luigi Vanvitelli""",02044190615,Università degli Studi di MILANO,80012650158,1,12,0.08333333333333333,2026PNCJBL
LS4,"Università degli Studi della Campania ""Luigi Vanvitelli""",02044190615,Università degli Studi di TRIESTE,80013890324,1,12,0.08333333333333333,2026PML3R8
LS4,"Università degli Studi della Campania ""Luigi Vanvitelli""",02044190615,Università degli Studi di PALERMO,80023730825,1,12,0.08333333333333333,2026P8WEEP
LS4,"Università degli Studi della Campania ""Luigi Vanvitelli""",02044190615,Università degli Studi di TORINO,80088230018,1,12,0.08333333333333333,2026PW5A7S
LS4,"Università degli Studi della Campania ""Luigi Vanvitelli""",02044190615,"Università degli Studi di ROMA ""Tor Vergata""",80213750583,1,12,0.08333333333333333,2026PJ528E
LS4,"Università degli Studi della Campania ""Luigi Vanvitelli""",02044190615,Università degli Studi di VERONA,93009870234,1,12,0.08333333333333333,2026PJ528E
LS4,"Università degli Studi della Campania ""Luigi Vanvitelli""",02044190615,Università degli Studi di FOGGIA,94045260711,1,12,0.08333333333333333,2026PJ528E
LS4,"Università degli Studi della Campania ""Luigi Vanvitelli""",02044190615,"Università degli Studi ""Magna Graecia"" di CATANZARO",97026980793,1,12,0.08333333333333333,2026PNCJBL
LS4,Università Cattolica del Sacro Cuore,02133120150,LINK CAMPUS University,11933781004,1,12,0.08333333333333333,2026PNCR7Y
LS4,Università Cattolica del Sacro Cuore,02133120150,Università degli Studi di SIENA,80002070524,1,12,0.08333333333333333,2026PNCJBL
LS4,Università Cattolica del Sacro Cuore,02133120150,Università degli Studi di BARI ALDO MORO,80002170720,1,12,0.08333333333333333,2026PNCJBL
LS4,Università Cattolica del Sacro Cuore,02133120150,Università degli Studi di MESSINA,80004070837,1,12,0.08333333333333333,2026PCC9XM
LS4,Università Cattolica del Sacro Cuore,02133120150,Università degli Studi di MILANO,80012650158,1,12,0.08333333333333333,2026PNCJBL
LS4,Università Cattolica del Sacro Cuore,02133120150,Università degli Studi di TORINO,80088230018,1,12,0.08333333333333333,2026PCC9XM
LS4,Università Cattolica del Sacro Cuore,02133120150,"Università degli Studi di ROMA ""La Sapienza""",80209930587,1,12,0.08333333333333333,2026PNCR7Y
LS4,Università Cattolica del Sacro Cuore,02133120150,Università degli Studi del PIEMONTE ORIENTALE,94021400026,1,12,0.08333333333333333,2026PNCR7Y
LS4,Università Cattolica del Sacro Cuore,02133120150,"Università degli Studi ""Magna Graecia"" di CATANZARO",97026980793,1,12,0.08333333333333333,2026PNCJBL
LS4,Università Cattolica del Sacro Cuore,02133120150,UNISR - Università Vita Salute San Raffaele,97187560152,1,12,0.08333333333333333,2026PCC9XM
LS4,Università degli Studi di CATANIA,02772010878,Università degli Studi di TRIESTE,80013890324,1,12,0.08333333333333333,2026PML3R8
LS4,Università degli Studi di CATANIA,02772010878,Università degli Studi di PALERMO,80023730825,1,12,0.08333333333333333,2026P8WEEP
LS4,LINK CAMPUS University,11933781004,"Università degli Studi di ROMA ""La Sapienza""",80209930587,1,12,0.08333333333333333,2026PNCR7Y
LS4,LINK CAMPUS University,11933781004,Università degli Studi del PIEMONTE ORIENTALE,94021400026,1,12,0.08333333333333333,2026PNCR7Y
LS4,Università degli Studi di MILANO-BICOCCA,12621570154,Università di PISA,80003670504,1,12,0.08333333333333333,2026PZH329
LS4,Università degli Studi di MILANO-BICOCCA,12621570154,Università degli Studi di TORINO,80088230018,1,12,0.08333333333333333,2026PZH329
LS4,Università degli Studi di MILANO-BICOCCA,12621570154,"Università degli Studi di ROMA ""La Sapienza""",80209930587,1,12,0.08333333333333333,2026PZH329
LS4,Università degli Studi di MILANO-BICOCCA,12621570154,"Università ""Campus Bio-Medico"" di ROMA",97087620585,1,12,0.08333333333333333,2026PZH329
LS4,Università degli Studi di MILANO-BICOCCA,12621570154,UNISR - Università Vita Salute San Raffaele,97187560152,1,12,0.08333333333333333,2026PZH329
LS4,Università degli Studi di SIENA,80002070524,Università degli Studi di BARI ALDO MORO,80002170720,1,12,0.08333333333333333,2026PNCJBL
LS4,Università degli Studi di SIENA,80002070524,Università degli Studi di MILANO,80012650158,1,12,0.08333333333333333,2026PNCJBL
LS4,Università degli Studi di SIENA,80002070524,"Università degli Studi ""Magna Graecia"" di CATANZARO",97026980793,1,12,0.08333333333333333,2026PNCJBL
LS4,Università degli Studi di BARI ALDO MORO,80002170720,Università degli Studi di MILANO,80012650158,1,12,0.08333333333333333,2026PNCJBL
LS4,Università degli Studi di BARI ALDO MORO,80002170720,"Università degli Studi ""Magna Graecia"" di CATANZARO",97026980793,1,12,0.08333333333333333,2026PNCJBL
LS4,Università di PISA,80003670504,Università degli Studi di PADOVA,80006480281,1,12,0.08333333333333333,2026PP8FMT
LS4,Università di PISA,80003670504,Università degli Studi di MILANO,80012650158,1,12,0.08333333333333333,2026PP8FMT
LS4,Università di PISA,80003670504,Università degli Studi di TORINO,80088230018,1,12,0.08333333333333333,2026PZH329
LS4,Università di PISA,80003670504,"Università degli Studi di ROMA ""Tor Vergata""",80213750583,1,12,0.08333333333333333,2026PP8FMT
LS4,Università di PISA,80003670504,"Università ""Campus Bio-Medico"" di ROMA",97087620585,1,12,0.08333333333333333,2026PZH329
LS4,Università di PISA,80003670504,UNISR - Università Vita Salute San Raffaele,97187560152,1,12,0.08333333333333333,2026PZH329
LS4,Università di PISA,80003670504,HUMANITAS University,97692990159,1,12,0.08333333333333333,2026PP8FMT
LS4,Università degli Studi di MESSINA,80004070837,Università degli Studi di TORINO,80088230018,1,12,0.08333333333333333,2026PCC9XM
LS4,Università degli Studi di MESSINA,80004070837,UNISR - Università Vita Salute San Raffaele,97187560152,1,12,0.08333333333333333,2026PCC9XM
LS4,Università degli Studi di PADOVA,80006480281,Università degli Studi di MILANO,80012650158,1,12,0.08333333333333333,2026PP8FMT
LS4,Università degli Studi di PADOVA,80006480281,"Università degli Studi di ROMA ""La Sapienza""",80209930587,1,12,0.08333333333333333,2026PP8FMT
LS4,Università degli Studi di PADOVA,80006480281,"Università degli Studi di ROMA ""Tor Vergata""",80213750583,1,12,0.08333333333333333,2026PP8FMT
LS4,Università degli Studi di PADOVA,80006480281,HUMANITAS University,97692990159,1,12,0.08333333333333333,2026PP8FMT
LS4,Alma Mater Studiorum - Università di BOLOGNA,80007010376,Università degli Studi INSUBRIA Varese-Como,95039180120,1,12,0.08333333333333333,2026PZMLMW
LS4,Alma Mater Studiorum - Università di BOLOGNA,80007010376,"Università ""Campus Bio-Medico"" di ROMA",97087620585,1,12,0.08333333333333333,2026PS3E2E
LS4,Alma Mater Studiorum - Università di BOLOGNA,80007010376,Università degli Studi di BRESCIA,98007650173,1,12,0.08333333333333333,2026PZMLMW
LS4,Università degli Studi di MILANO,80012650158,"Università degli Studi di ROMA ""Tor Vergata""",80213750583,1,12,0.08333333333333333,2026PP8FMT
LS4,Università degli Studi di MILANO,80012650158,Università degli Studi INSUBRIA Varese-Como,95039180120,1,12,0.08333333333333333,2026PZMLMW
LS4,Università degli Studi di MILANO,80012650158,"Università degli Studi ""Magna Graecia"" di CATANZARO",97026980793,1,12,0.08333333333333333,2026PNCJBL
LS4,Università degli Studi di MILANO,80012650158,"Università ""Campus Bio-Medico"" di ROMA",97087620585,1,12,0.08333333333333333,2026PS3E2E
LS4,Università degli Studi di MILANO,80012650158,Università degli Studi di BRESCIA,98007650173,1,12,0.08333333333333333,2026PZMLMW
LS4,Università degli Studi di TRIESTE,80013890324,"Università degli Studi di ROMA ""La Sapienza""",80209930587,1,12,0.08333333333333333,2026PML3R8
LS4,Università degli Studi di PALERMO,80023730825,"Università degli Studi di ROMA ""La Sapienza""",80209930587,1,12,0.08333333333333333,2026P8WEEP
LS4,Consiglio Nazionale delle Ricerche,80054330586,Università degli Studi di TORINO,80088230018,1,12,0.08333333333333333,2026PW5A7S
LS4,Consiglio Nazionale delle Ricerche,80054330586,"Università degli Studi di ROMA ""Tor Vergata""",80213750583,1,12,0.08333333333333333,2026PJ528E
LS4,Consiglio Nazionale delle Ricerche,80054330586,Università degli Studi di VERONA,93009870234,1,12,0.08333333333333333,2026PJ528E
LS4,Consiglio Nazionale delle Ricerche,80054330586,Università degli Studi di FOGGIA,94045260711,1,12,0.08333333333333333,2026PJ528E
LS4,Università degli Studi di TORINO,80088230018,"Università ""Campus Bio-Medico"" di ROMA",97087620585,1,12,0.08333333333333333,2026PZH329
LS4,"Università degli Studi di ROMA ""La Sapienza""",80209930587,"Università degli Studi ""G. d'Annunzio"" CHIETI-PESCARA",93002750698,1,12,0.08333333333333333,2026PKHE87
LS4,"Università degli Studi di ROMA ""La Sapienza""",80209930587,Università degli Studi di VERONA,93009870234,1,12,0.08333333333333333,2026PJ528E
LS4,"Università degli Studi di ROMA ""La Sapienza""",80209930587,Università degli Studi del PIEMONTE ORIENTALE,94021400026,1,12,0.08333333333333333,2026PNCR7Y
LS4,"Università degli Studi di ROMA ""La Sapienza""",80209930587,Università degli Studi di FOGGIA,94045260711,1,12,0.08333333333333333,2026PJ528E
LS4,"Università degli Studi di ROMA ""La Sapienza""",80209930587,Università degli Studi INSUBRIA Varese-Como,95039180120,1,12,0.08333333333333333,2026PZMLMW
LS4,"Università degli Studi di ROMA ""La Sapienza""",80209930587,UNISR - Università Vita Salute San Raffaele,97187560152,1,12,0.08333333333333333,2026PZH329
LS4,"Università degli Studi di ROMA ""La Sapienza""",80209930587,Università degli Studi di BRESCIA,98007650173,1,12,0.08333333333333333,2026PZMLMW
LS4,"Università degli Studi di ROMA ""Tor Vergata""",80213750583,"Università degli Studi ""G. d'Annunzio"" CHIETI-PESCARA",93002750698,1,12,0.08333333333333333,2026PKHE87
LS4,"Università degli Studi di ROMA ""Tor Vergata""",80213750583,Università degli Studi di VERONA,93009870234,1,12,0.08333333333333333,2026PJ528E
LS4,"Università degli Studi di ROMA ""Tor Vergata""",80213750583,Università degli Studi di FOGGIA,94045260711,1,12,0.08333333333333333,2026PJ528E
LS4,"Università degli Studi di ROMA ""Tor Vergata""",80213750583,HUMANITAS University,97692990159,1,12,0.08333333333333333,2026PP8FMT
LS4,Università degli Studi di VERONA,93009870234,Università degli Studi di FOGGIA,94045260711,1,12,0.08333333333333333,2026PJ528E
LS4,Università degli Studi INSUBRIA Varese-Como,95039180120,HUMANITAS University,97692990159,1,12,0.08333333333333333,2026PZMLMW
LS4,Università degli Studi INSUBRIA Varese-Como,95039180120,Università degli Studi di BRESCIA,98007650173,1,12,0.08333333333333333,2026PZMLMW
LS4,"Università ""Campus Bio-Medico"" di ROMA",97087620585,UNISR - Università Vita Salute San Raffaele,97187560152,1,12,0.08333333333333333,2026PZH329
LS4,"Università ""Campus Bio-Medico"" di ROMA",97087620585,HUMANITAS University,97692990159,1,12,0.08333333333333333,2026PS3E2E
LS4,HUMANITAS University,97692990159,Università degli Studi di BRESCIA,98007650173,1,12,0.08333333333333333,2026PZMLMW
LS7,Università degli Studi di Napoli Federico II,00876220633,"Università degli Studi di ROMA ""La Sapienza""",80209930587,4,17,0.23529411764705882,2026P3TPWX; 2026P42P95; 2026PNA3F7; 2026PWA7H5
LS7,"Università degli Studi della Campania ""Luigi Vanvitelli""",02044190615,Consiglio Nazionale delle Ricerche,80054330586,4,17,0.23529411764705882,2026PCK3FY; 2026PCPCC3; 2026PJM4N4; 2026PWA7H5
LS7,"Università degli Studi della Campania ""Luigi Vanvitelli""",02044190615,"Università degli Studi di ROMA ""La Sapienza""",80209930587,4,17,0.23529411764705882,2026PCPCC3; 2026PNA3F7; 2026PRZ3LH; 2026PWA7H5
LS7,Università degli Studi di MILANO,80012650158,"Università degli Studi di ROMA ""La Sapienza""",80209930587,4,17,0.23529411764705882,2026P42P95; 2026PECJS5; 2026PJYZXJ; 2026PWFFF4
LS7,Consiglio Nazionale delle Ricerche,80054330586,"Università degli Studi di ROMA ""La Sapienza""",80209930587,4,17,0.23529411764705882,2026P3TPWX; 2026PCPCC3; 2026PECJS5; 2026PWA7H5
LS7,Università degli Studi di Napoli Federico II,00876220633,"Università degli Studi della Campania ""Luigi Vanvitelli""",02044190615,3,17,0.17647058823529413,2026PJM4N4; 2026PNA3F7; 2026PWA7H5
LS7,Università degli Studi di Napoli Federico II,00876220633,Consiglio Nazionale delle Ricerche,80054330586,3,17,0.17647058823529413,2026P3TPWX; 2026PJM4N4; 2026PWA7H5
LS7,"Università degli Studi della Campania ""Luigi Vanvitelli""",02044190615,LINK CAMPUS University,11933781004,3,17,0.17647058823529413,2026PJM4N4; 2026PRZ3LH; 2026PWA7H5
LS7,Università degli Studi di Napoli Federico II,00876220633,LINK CAMPUS University,11933781004,2,17,0.11764705882352941,2026PJM4N4; 2026PWA7H5
LS7,Università degli Studi di Napoli Federico II,00876220633,Università degli Studi di SALERNO,80018670655,2,17,0.11764705882352941,2026P42P95; 2026PJM4N4
LS7,Università degli Studi di Napoli Federico II,00876220633,"Università degli Studi ""Magna Graecia"" di CATANZARO",97026980793,2,17,0.11764705882352941,2026P42P95; 2026PJM4N4
LS7,"Università degli Studi della Campania ""Luigi Vanvitelli""",02044190615,Università degli Studi di SALERNO,80018670655,2,17,0.11764705882352941,2026PCPCC3; 2026PJM4N4
LS7,Università degli Studi di CATANIA,02772010878,"Università degli Studi di ROMA ""La Sapienza""",80209930587,2,17,0.11764705882352941,2026PJYZXJ; 2026PNA3F7
LS7,Università degli Studi ROMA TRE,04400441004,"Università degli Studi di ROMA ""La Sapienza""",80209930587,2,17,0.11764705882352941,2026PCPCC3; 2026PWFFF4
LS7,LINK CAMPUS University,11933781004,Consiglio Nazionale delle Ricerche,80054330586,2,17,0.11764705882352941,2026PJM4N4; 2026PWA7H5
LS7,LINK CAMPUS University,11933781004,"Università degli Studi di ROMA ""La Sapienza""",80209930587,2,17,0.11764705882352941,2026PRZ3LH; 2026PWA7H5
LS7,Università degli Studi di SALERNO,80018670655,Consiglio Nazionale delle Ricerche,80054330586,2,17,0.11764705882352941,2026PCPCC3; 2026PJM4N4
LS7,Università degli Studi di SALERNO,80018670655,"Università degli Studi di ROMA ""La Sapienza""",80209930587,2,17,0.11764705882352941,2026P42P95; 2026PCPCC3
LS7,Università degli Studi di SALERNO,80018670655,"Università degli Studi ""Magna Graecia"" di CATANZARO",97026980793,2,17,0.11764705882352941,2026P42P95; 2026PJM4N4
LS7,Università degli Studi di TORINO,80088230018,"Università degli Studi di ROMA ""La Sapienza""",80209930587,2,17,0.11764705882352941,2026P94K5N; 2026PECJS5
LS7,Università degli Studi di PARMA,00308780345,Università degli Studi dell'AQUILA,01021630668,1,17,0.058823529411764705,2026PM45NT
LS7,Università degli Studi di PARMA,00308780345,Università degli Studi di SIENA,80002070524,1,17,0.058823529411764705,2026PM45NT
LS7,Università degli Studi di PARMA,00308780345,"Università degli Studi ""G. d'Annunzio"" CHIETI-PESCARA",93002750698,1,17,0.058823529411764705,2026PM45NT
LS7,Università degli Studi di PARMA,00308780345,UniCamillus - Saint Camillus International University of Health Sciences,97962900581,1,17,0.058823529411764705,2026PM45NT
LS7,Università degli Studi di TRENTO,00340520220,Università degli Studi di Napoli Federico II,00876220633,1,17,0.058823529411764705,2026P3TPWX
LS7,Università degli Studi di TRENTO,00340520220,Consiglio Nazionale delle Ricerche,80054330586,1,17,0.058823529411764705,2026P3TPWX
LS7,Università degli Studi di TRENTO,00340520220,"Università degli Studi di ROMA ""La Sapienza""",80209930587,1,17,0.058823529411764705,2026P3TPWX
LS7,Università degli Studi di TRENTO,00340520220,Università degli Studi di VERONA,93009870234,1,17,0.058823529411764705,2026P3TPWX
LS7,Università degli Studi di TRENTO,00340520220,UniCamillus - Saint Camillus International University of Health Sciences,97962900581,1,17,0.058823529411764705,2026P3TPWX
LS7,Università Politecnica delle MARCHE,00382520427,"Università degli Studi della Campania ""Luigi Vanvitelli""",02044190615,1,17,0.058823529411764705,2026PRZ3LH
LS7,Università Politecnica delle MARCHE,00382520427,LINK CAMPUS University,11933781004,1,17,0.058823529411764705,2026PRZ3LH
LS7,Università Politecnica delle MARCHE,00382520427,"Università degli Studi di ROMA ""La Sapienza""",80209930587,1,17,0.058823529411764705,2026PRZ3LH
LS7,Università degli Studi di PERUGIA,00448820548,Università degli Studi di FIRENZE,01279680480,1,17,0.058823529411764705,2026PT4KJY
LS7,Università degli Studi di PERUGIA,00448820548,Università del SALENTO,80008870752,1,17,0.058823529411764705,2026PT4KJY
LS7,Università degli Studi di PERUGIA,00448820548,Università degli Studi di TRIESTE,80013890324,1,17,0.058823529411764705,2026PT4KJY
LS7,Università degli Studi di PERUGIA,00448820548,Università degli Studi del PIEMONTE ORIENTALE,94021400026,1,17,0.058823529411764705,2026PT4KJY
LS7,Università degli Studi di Napoli Federico II,00876220633,Università degli Studi del SANNIO di BENEVENTO,01114010620,1,17,0.058823529411764705,2026PWA7H5
LS7,Università degli Studi di Napoli Federico II,00876220633,Università degli Studi di CATANIA,02772010878,1,17,0.058823529411764705,2026PNA3F7
LS7,Università degli Studi di Napoli Federico II,00876220633,Università degli Studi di SIENA,80002070524,1,17,0.058823529411764705,2026P8R9FN
LS7,Università degli Studi di Napoli Federico II,00876220633,Università degli Studi di BARI ALDO MORO,80002170720,1,17,0.058823529411764705,2026P8R9FN
LS7,Università degli Studi di Napoli Federico II,00876220633,Università della CALABRIA,80003950781,1,17,0.058823529411764705,2026PNA3F7
LS7,Università degli Studi di Napoli Federico II,00876220633,Università degli Studi di MILANO,80012650158,1,17,0.058823529411764705,2026P42P95
LS7,Università degli Studi di Napoli Federico II,00876220633,Università degli Studi di TORINO,80088230018,1,17,0.058823529411764705,2026P8R9FN
LS7,Università degli Studi di Napoli Federico II,00876220633,Università degli Studi di VERONA,93009870234,1,17,0.058823529411764705,2026P3TPWX
LS7,Università degli Studi di Napoli Federico II,00876220633,Università Telematica San Raffaele Roma,97471900155,1,17,0.058823529411764705,2026P42P95
LS7,Università degli Studi di Napoli Federico II,00876220633,UniCamillus - Saint Camillus International University of Health Sciences,97962900581,1,17,0.058823529411764705,2026P3TPWX
LS7,Università degli Studi di Napoli Federico II,00876220633,Università degli Studi di BRESCIA,98007650173,1,17,0.058823529411764705,2026PNA3F7
LS7,Università degli Studi dell'AQUILA,01021630668,Università degli Studi di MILANO-BICOCCA,12621570154,1,17,0.058823529411764705,2026PBSNLJ
LS7,Università degli Studi dell'AQUILA,01021630668,Università degli Studi di SIENA,80002070524,1,17,0.058823529411764705,2026PM45NT
LS7,Università degli Studi dell'AQUILA,01021630668,"Università degli Studi ""G. d'Annunzio"" CHIETI-PESCARA",93002750698,1,17,0.058823529411764705,2026PM45NT
LS7,Università degli Studi dell'AQUILA,01021630668,Università degli Studi di FOGGIA,94045260711,1,17,0.058823529411764705,2026PBSNLJ
LS7,Università degli Studi dell'AQUILA,01021630668,Università degli Studi INSUBRIA Varese-Como,95039180120,1,17,0.058823529411764705,2026PBSNLJ
LS7,Università degli Studi dell'AQUILA,01021630668,UNISR - Università Vita Salute San Raffaele,97187560152,1,17,0.058823529411764705,2026PBSNLJ
LS7,Università degli Studi dell'AQUILA,01021630668,UniCamillus - Saint Camillus International University of Health Sciences,97962900581,1,17,0.058823529411764705,2026PM45NT
LS7,Università degli Studi del SANNIO di BENEVENTO,01114010620,"Università degli Studi della Campania ""Luigi Vanvitelli""",02044190615,1,17,0.058823529411764705,2026PWA7H5
LS7,Università degli Studi del SANNIO di BENEVENTO,01114010620,LINK CAMPUS University,11933781004,1,17,0.058823529411764705,2026PWA7H5
LS7,Università degli Studi del SANNIO di BENEVENTO,01114010620,Consiglio Nazionale delle Ricerche,80054330586,1,17,0.058823529411764705,2026PWA7H5
LS7,Università degli Studi del SANNIO di BENEVENTO,01114010620,"Università degli Studi di ROMA ""La Sapienza""",80209930587,1,17,0.058823529411764705,2026PWA7H5
LS7,Università degli Studi di FIRENZE,01279680480,Università del SALENTO,80008870752,1,17,0.058823529411764705,2026PT4KJY
LS7,Università degli Studi di FIRENZE,01279680480,Università degli Studi di TRIESTE,80013890324,1,17,0.058823529411764705,2026PT4KJY
LS7,Università degli Studi di FIRENZE,01279680480,Università degli Studi del PIEMONTE ORIENTALE,94021400026,1,17,0.058823529411764705,2026PT4KJY
LS7,"Università degli Studi della Campania ""Luigi Vanvitelli""",02044190615,Università degli Studi di CATANIA,02772010878,1,17,0.058823529411764705,2026PNA3F7
LS7,"Università degli Studi della Campania ""Luigi Vanvitelli""",02044190615,Università degli Studi ROMA TRE,04400441004,1,17,0.058823529411764705,2026PCPCC3
LS7,"Università degli Studi della Campania ""Luigi Vanvitelli""",02044190615,Università della CALABRIA,80003950781,1,17,0.058823529411764705,2026PNA3F7
LS7,"Università degli Studi della Campania ""Luigi Vanvitelli""",02044190615,Università degli Studi di PADOVA,80006480281,1,17,0.058823529411764705,2026PCK3FY
LS7,"Università degli Studi della Campania ""Luigi Vanvitelli""",02044190615,Università degli Studi di PAVIA,80007270186,1,17,0.058823529411764705,2026PCK3FY
LS7,"Università degli Studi della Campania ""Luigi Vanvitelli""",02044190615,"LUM ""Giuseppe Degennaro""",93135780729,1,17,0.058823529411764705,2026PCPCC3
LS7,"Università degli Studi della Campania ""Luigi Vanvitelli""",02044190615,"Università degli Studi ""Magna Graecia"" di CATANZARO",97026980793,1,17,0.058823529411764705,2026PJM4N4
LS7,"Università degli Studi della Campania ""Luigi Vanvitelli""",02044190615,Università degli Studi di BRESCIA,98007650173,1,17,0.058823529411764705,2026PNA3F7
LS7,Università degli Studi di CATANIA,02772010878,Università degli Studi di BARI ALDO MORO,80002170720,1,17,0.058823529411764705,2026PJYZXJ
LS7,Università degli Studi di CATANIA,02772010878,Università della CALABRIA,80003950781,1,17,0.058823529411764705,2026PNA3F7
LS7,Università degli Studi di CATANIA,02772010878,Università degli Studi di MILANO,80012650158,1,17,0.058823529411764705,2026PJYZXJ
LS7,Università degli Studi di CATANIA,02772010878,Università degli Studi di FOGGIA,94045260711,1,17,0.058823529411764705,2026PJYZXJ
LS7,Università degli Studi di CATANIA,02772010878,Università degli Studi di BRESCIA,98007650173,1,17,0.058823529411764705,2026PNA3F7
LS7,Università degli Studi ROMA TRE,04400441004,Alma Mater Studiorum - Università di BOLOGNA,80007010376,1,17,0.058823529411764705,2026PWFFF4
LS7,Università degli Studi ROMA TRE,04400441004,Università degli Studi di MILANO,80012650158,1,17,0.058823529411764705,2026PWFFF4
LS7,Università degli Studi ROMA TRE,04400441004,Università degli Studi di SALERNO,80018670655,1,17,0.058823529411764705,2026PCPCC3
LS7,Università degli Studi ROMA TRE,04400441004,Consiglio Nazionale delle Ricerche,80054330586,1,17,0.058823529411764705,2026PCPCC3
LS7,Università degli Studi ROMA TRE,04400441004,Università degli Studi di CAMERINO,81001910439,1,17,0.058823529411764705,2026PWFFF4
LS7,Università degli Studi ROMA TRE,04400441004,"LUM ""Giuseppe Degennaro""",93135780729,1,17,0.058823529411764705,2026PCPCC3
LS7,Università degli Studi ROMA TRE,04400441004,Università degli Studi INSUBRIA Varese-Como,95039180120,1,17,0.058823529411764705,2026PWFFF4
LS7,LINK CAMPUS University,11933781004,Università degli Studi di SALERNO,80018670655,1,17,0.058823529411764705,2026PJM4N4
LS7,LINK CAMPUS University,11933781004,"Università degli Studi ""Magna Graecia"" di CATANZARO",97026980793,1,17,0.058823529411764705,2026PJM4N4
LS7,Università degli Studi di MILANO-BICOCCA,12621570154,Università degli Studi di FOGGIA,94045260711,1,17,0.058823529411764705,2026PBSNLJ
LS7,Università degli Studi di MILANO-BICOCCA,12621570154,Università degli Studi INSUBRIA Varese-Como,95039180120,1,17,0.058823529411764705,2026PBSNLJ
LS7,Università degli Studi di MILANO-BICOCCA,12621570154,UNISR - Università Vita Salute San Raffaele,97187560152,1,17,0.058823529411764705,2026PBSNLJ
LS7,Università degli Studi di SIENA,80002070524,Università degli Studi di BARI ALDO MORO,80002170720,1,17,0.058823529411764705,2026P8R9FN
LS7,Università degli Studi di SIENA,80002070524,Università degli Studi di TORINO,80088230018,1,17,0.058823529411764705,2026P8R9FN
LS7,Università degli Studi di SIENA,80002070524,"Università degli Studi ""G. d'Annunzio"" CHIETI-PESCARA",93002750698,1,17,0.058823529411764705,2026PM45NT
LS7,Università degli Studi di SIENA,80002070524,UniCamillus - Saint Camillus International University of Health Sciences,97962900581,1,17,0.058823529411764705,2026PM45NT
LS7,Università degli Studi di BARI ALDO MORO,80002170720,Università degli Studi di MILANO,80012650158,1,17,0.058823529411764705,2026PJYZXJ
LS7,Università degli Studi di BARI ALDO MORO,80002170720,Università degli Studi di TORINO,80088230018,1,17,0.058823529411764705,2026P8R9FN
LS7,Università degli Studi di BARI ALDO MORO,80002170720,"Università degli Studi di ROMA ""La Sapienza""",80209930587,1,17,0.058823529411764705,2026PJYZXJ
LS7,Università degli Studi di BARI ALDO MORO,80002170720,Università degli Studi di FOGGIA,94045260711,1,17,0.058823529411764705,2026PJYZXJ
LS7,Università di PISA,80003670504,Università degli Studi di CAGLIARI,80019600925,1,17,0.058823529411764705,2026P94K5N
LS7,Università di PISA,80003670504,Università degli Studi di TORINO,80088230018,1,17,0.058823529411764705,2026P94K5N
LS7,Università di PISA,80003670504,"Università degli Studi di ROMA ""La Sapienza""",80209930587,1,17,0.058823529411764705,2026P94K5N
LS7,Università della CALABRIA,80003950781,"Università degli Studi di ROMA ""La Sapienza""",80209930587,1,17,0.058823529411764705,2026PNA3F7
LS7,Università della CALABRIA,80003950781,Università degli Studi di BRESCIA,98007650173,1,17,0.058823529411764705,2026PNA3F7
LS7,Università degli Studi di PADOVA,80006480281,Università degli Studi di PAVIA,80007270186,1,17,0.058823529411764705,2026PCK3FY
LS7,Università degli Studi di PADOVA,80006480281,Università degli Studi di CAGLIARI,80019600925,1,17,0.058823529411764705,2026P4BN2S
LS7,Università degli Studi di PADOVA,80006480281,Consiglio Nazionale delle Ricerche,80054330586,1,17,0.058823529411764705,2026PCK3FY
LS7,Università degli Studi di PADOVA,80006480281,Università degli Studi di TERAMO,92012890676,1,17,0.058823529411764705,2026P4BN2S
LS7,Università degli Studi di PADOVA,80006480281,Università degli Studi di FOGGIA,94045260711,1,17,0.058823529411764705,2026P4BN2S
LS7,Università degli Studi di PADOVA,80006480281,Università degli Studi di BRESCIA,98007650173,1,17,0.058823529411764705,2026P4BN2S
LS7,Alma Mater Studiorum - Università di BOLOGNA,80007010376,Università degli Studi di MILANO,80012650158,1,17,0.058823529411764705,2026PWFFF4
LS7,Alma Mater Studiorum - Università di BOLOGNA,80007010376,"Università degli Studi di ROMA ""La Sapienza""",80209930587,1,17,0.058823529411764705,2026PWFFF4
LS7,Alma Mater Studiorum - Università di BOLOGNA,80007010376,Università degli Studi di CAMERINO,81001910439,1,17,0.058823529411764705,2026PWFFF4
LS7,Alma Mater Studiorum - Università di BOLOGNA,80007010376,Università degli Studi INSUBRIA Varese-Como,95039180120,1,17,0.058823529411764705,2026PWFFF4
LS7,Università degli Studi di PAVIA,80007270186,Consiglio Nazionale delle Ricerche,80054330586,1,17,0.058823529411764705,2026PCK3FY
LS7,Università del SALENTO,80008870752,Università degli Studi di TRIESTE,80013890324,1,17,0.058823529411764705,2026PT4KJY
LS7,Università del SALENTO,80008870752,Università degli Studi del PIEMONTE ORIENTALE,94021400026,1,17,0.058823529411764705,2026PT4KJY
LS7,Università degli Studi di MILANO,80012650158,Università degli Studi di SALERNO,80018670655,1,17,0.058823529411764705,2026P42P95
LS7,Università degli Studi di MILANO,80012650158,Consiglio Nazionale delle Ricerche,80054330586,1,17,0.058823529411764705,2026PECJS5
LS7,Università degli Studi di MILANO,80012650158,Università degli Studi di TORINO,80088230018,1,17,0.058823529411764705,2026PECJS5
LS7,Università degli Studi di MILANO,80012650158,Università degli Studi di CAMERINO,81001910439,1,17,0.058823529411764705,2026PWFFF4
LS7,Università degli Studi di MILANO,80012650158,Università degli Studi di FOGGIA,94045260711,1,17,0.058823529411764705,2026PJYZXJ
LS7,Università degli Studi di MILANO,80012650158,Università degli Studi INSUBRIA Varese-Como,95039180120,1,17,0.058823529411764705,2026PWFFF4
LS7,Università degli Studi di MILANO,80012650158,"Università degli Studi ""Magna Graecia"" di CATANZARO",97026980793,1,17,0.058823529411764705,2026P42P95
LS7,Università degli Studi di MILANO,80012650158,Università Telematica San Raffaele Roma,97471900155,1,17,0.058823529411764705,2026P42P95
LS7,Università degli Studi di TRIESTE,80013890324,Università degli Studi del PIEMONTE ORIENTALE,94021400026,1,17,0.058823529411764705,2026PT4KJY
LS7,Università degli Studi di SALERNO,80018670655,"LUM ""Giuseppe Degennaro""",93135780729,1,17,0.058823529411764705,2026PCPCC3
LS7,Università degli Studi di SALERNO,80018670655,Università Telematica San Raffaele Roma,97471900155,1,17,0.058823529411764705,2026P42P95
LS7,Università degli Studi di CAGLIARI,80019600925,Università degli Studi di TORINO,80088230018,1,17,0.058823529411764705,2026P94K5N
LS7,Università degli Studi di CAGLIARI,80019600925,"Università degli Studi di ROMA ""La Sapienza""",80209930587,1,17,0.058823529411764705,2026P94K5N
LS7,Università degli Studi di CAGLIARI,80019600925,Università degli Studi di TERAMO,92012890676,1,17,0.058823529411764705,2026P4BN2S
LS7,Università degli Studi di CAGLIARI,80019600925,Università degli Studi di FOGGIA,94045260711,1,17,0.058823529411764705,2026P4BN2S
LS7,Università degli Studi di CAGLIARI,80019600925,Università degli Studi di BRESCIA,98007650173,1,17,0.058823529411764705,2026P4BN2S
LS7,Consiglio Nazionale delle Ricerche,80054330586,Università degli Studi di TORINO,80088230018,1,17,0.058823529411764705,2026PECJS5
LS7,Consiglio Nazionale delle Ricerche,80054330586,Università degli Studi di VERONA,93009870234,1,17,0.058823529411764705,2026P3TPWX
LS7,Consiglio Nazionale delle Ricerche,80054330586,"LUM ""Giuseppe Degennaro""",93135780729,1,17,0.058823529411764705,2026PCPCC3
LS7,Consiglio Nazionale delle Ricerche,80054330586,"Università degli Studi ""Magna Graecia"" di CATANZARO",97026980793,1,17,0.058823529411764705,2026PJM4N4
LS7,Consiglio Nazionale delle Ricerche,80054330586,UniCamillus - Saint Camillus International University of Health Sciences,97962900581,1,17,0.058823529411764705,2026P3TPWX
LS7,"Università degli Studi di ROMA ""La Sapienza""",80209930587,Università degli Studi di CAMERINO,81001910439,1,17,0.058823529411764705,2026PWFFF4
LS7,"Università degli Studi di ROMA ""La Sapienza""",80209930587,Università degli Studi di VERONA,93009870234,1,17,0.058823529411764705,2026P3TPWX
LS7,"Università degli Studi di ROMA ""La Sapienza""",80209930587,"LUM ""Giuseppe Degennaro""",93135780729,1,17,0.058823529411764705,2026PCPCC3
LS7,"Università degli Studi di ROMA ""La Sapienza""",80209930587,Università degli Studi di FOGGIA,94045260711,1,17,0.058823529411764705,2026PJYZXJ
LS7,"Università degli Studi di ROMA ""La Sapienza""",80209930587,Università degli Studi INSUBRIA Varese-Como,95039180120,1,17,0.058823529411764705,2026PWFFF4
LS7,"Università degli Studi di ROMA ""La Sapienza""",80209930587,"Università degli Studi ""Magna Graecia"" di CATANZARO",97026980793,1,17,0.058823529411764705,2026P42P95
LS7,"Università degli Studi di ROMA ""La Sapienza""",80209930587,Università Telematica San Raffaele Roma,97471900155,1,17,0.058823529411764705,2026P42P95
LS7,"Università degli Studi di ROMA ""La Sapienza""",80209930587,UniCamillus - Saint Camillus International University of Health Sciences,97962900581,1,17,0.058823529411764705,2026P3TPWX
LS7,"Università degli Studi di ROMA ""La Sapienza""",80209930587,Università degli Studi di BRESCIA,98007650173,1,17,0.058823529411764705,2026PNA3F7
LS7,Università degli Studi di CAMERINO,81001910439,Università degli Studi INSUBRIA Varese-Como,95039180120,1,17,0.058823529411764705,2026PWFFF4
LS7,Università degli Studi di TERAMO,92012890676,Università degli Studi di FOGGIA,94045260711,1,17,0.058823529411764705,2026P4BN2S
LS7,Università degli Studi di TERAMO,92012890676,Università degli Studi di BRESCIA,98007650173,1,17,0.058823529411764705,2026P4BN2S
LS7,"Università degli Studi ""G. d'Annunzio"" CHIETI-PESCARA",93002750698,UniCamillus - Saint Camillus International University of Health Sciences,97962900581,1,17,0.058823529411764705,2026PM45NT
LS7,Università degli Studi di VERONA,93009870234,UniCamillus - Saint Camillus International University of Health Sciences,97962900581,1,17,0.058823529411764705,2026P3TPWX
LS7,Università degli Studi di FOGGIA,94045260711,Università degli Studi INSUBRIA Varese-Como,95039180120,1,17,0.058823529411764705,2026PBSNLJ
LS7,Università degli Studi di FOGGIA,94045260711,UNISR - Università Vita Salute San Raffaele,97187560152,1,17,0.058823529411764705,2026PBSNLJ
LS7,Università degli Studi di FOGGIA,94045260711,Università degli Studi di BRESCIA,98007650173,1,17,0.058823529411764705,2026P4BN2S
LS7,Università degli Studi INSUBRIA Varese-Como,95039180120,UNISR - Università Vita Salute San Raffaele,97187560152,1,17,0.058823529411764705,2026PBSNLJ
LS7,"Università degli Studi ""Magna Graecia"" di CATANZARO",97026980793,Università Telematica San Raffaele Roma,97471900155,1,17,0.058823529411764705,2026P42P95
PE1,Università di PISA,80003670504,"Università degli Studi di ROMA ""La Sapienza""",80209930587,3,5,0.6,2026P392RW; 2026P8PA7E; 2026PHMPHK
PE1,Università degli Studi ROMA TRE,04400441004,Università di PISA,80003670504,2,5,0.4,2026P392RW; 2026PHMPHK
PE1,Università degli Studi ROMA TRE,04400441004,Scuola Internazionale Superiore di Studi Avanzati di TRIESTE,80035060328,2,5,0.4,2026P392RW; 2026PHMPHK
PE1,Università degli Studi ROMA TRE,04400441004,"Università degli Studi di ROMA ""La Sapienza""",80209930587,2,5,0.4,2026P392RW; 2026PHMPHK
PE1,Università di PISA,80003670504,Scuola Internazionale Superiore di Studi Avanzati di TRIESTE,80035060328,2,5,0.4,2026P392RW; 2026PHMPHK
PE1,Scuola Internazionale Superiore di Studi Avanzati di TRIESTE,80035060328,"Università degli Studi di ROMA ""La Sapienza""",80209930587,2,5,0.4,2026P392RW; 2026PHMPHK
PE1,Università degli Studi di TORINO,80088230018,"Università degli Studi di ROMA ""La Sapienza""",80209930587,2,5,0.4,2026P3T2LW; 2026P8PA7E
PE1,"Università degli Studi di ROMA ""La Sapienza""",80209930587,"Università degli Studi di ROMA ""Tor Vergata""",80213750583,2,5,0.4,2026P3T2LW; 2026PHMPHK
PE1,Università degli Studi di PARMA,00308780345,Gran Sasso Science Institute - Scuola di dottorato internazionale,01984560662,1,5,0.2,2026PYFEZ9
PE1,Università degli Studi di PARMA,00308780345,Università degli Studi di PAVIA,80007270186,1,5,0.2,2026PYFEZ9
PE1,Università degli Studi di PARMA,00308780345,Università degli Studi di FERRARA,80007370382,1,5,0.2,2026PYFEZ9
PE1,Università degli Studi di PARMA,00308780345,"Università degli Studi di ROMA ""Tor Vergata""",80213750583,1,5,0.2,2026PYFEZ9
PE1,Università degli Studi di PARMA,00308780345,Università degli Studi di VERONA,93009870234,1,5,0.2,2026PYFEZ9
PE1,Università degli Studi di TRENTO,00340520220,Scuola Normale Superiore di PISA,80005050507,1,5,0.2,2026P3T2LW
PE1,Università degli Studi di TRENTO,00340520220,Politecnico di MILANO,80057930150,1,5,0.2,2026P3T2LW
PE1,Università degli Studi di TRENTO,00340520220,Università degli Studi di TORINO,80088230018,1,5,0.2,2026P3T2LW
PE1,Università degli Studi di TRENTO,00340520220,"Università degli Studi di ROMA ""La Sapienza""",80209930587,1,5,0.2,2026P3T2LW
PE1,Università degli Studi di TRENTO,00340520220,"Università degli Studi di ROMA ""Tor Vergata""",80213750583,1,5,0.2,2026P3T2LW
PE1,Gran Sasso Science Institute - Scuola di dottorato internazionale,01984560662,Università degli Studi di PAVIA,80007270186,1,5,0.2,2026PYFEZ9
PE1,Gran Sasso Science Institute - Scuola di dottorato internazionale,01984560662,Università degli Studi di FERRARA,80007370382,1,5,0.2,2026PYFEZ9
PE1,Gran Sasso Science Institute - Scuola di dottorato internazionale,01984560662,"Università degli Studi di ROMA ""Tor Vergata""",80213750583,1,5,0.2,2026PYFEZ9
PE1,Gran Sasso Science Institute - Scuola di dottorato internazionale,01984560662,Università degli Studi di VERONA,93009870234,1,5,0.2,2026PYFEZ9
PE1,Università degli Studi ROMA TRE,04400441004,Università degli Studi di MILANO-BICOCCA,12621570154,1,5,0.2,2026P392RW
PE1,Università degli Studi ROMA TRE,04400441004,Università degli Studi di PAVIA,80007270186,1,5,0.2,2026P392RW
PE1,Università degli Studi ROMA TRE,04400441004,Università degli Studi di MILANO,80012650158,1,5,0.2,2026PHMPHK
PE1,Università degli Studi ROMA TRE,04400441004,"Università degli Studi di ROMA ""Tor Vergata""",80213750583,1,5,0.2,2026PHMPHK
PE1,Università degli Studi di MILANO-BICOCCA,12621570154,Università di PISA,80003670504,1,5,0.2,2026P392RW
PE1,Università degli Studi di MILANO-BICOCCA,12621570154,Università degli Studi di PAVIA,80007270186,1,5,0.2,2026P392RW
PE1,Università degli Studi di MILANO-BICOCCA,12621570154,Scuola Internazionale Superiore di Studi Avanzati di TRIESTE,80035060328,1,5,0.2,2026P392RW
PE1,Università degli Studi di MILANO-BICOCCA,12621570154,"Università degli Studi di ROMA ""La Sapienza""",80209930587,1,5,0.2,2026P392RW
PE1,Università di PISA,80003670504,Alma Mater Studiorum - Università di BOLOGNA,80007010376,1,5,0.2,2026P8PA7E
PE1,Università di PISA,80003670504,Università degli Studi di PAVIA,80007270186,1,5,0.2,2026P392RW
PE1,Università di PISA,80003670504,Università degli Studi di MILANO,80012650158,1,5,0.2,2026PHMPHK
PE1,Università di PISA,80003670504,Università degli Studi di TORINO,80088230018,1,5,0.2,2026P8PA7E
PE1,Università di PISA,80003670504,"Università degli Studi di ROMA ""Tor Vergata""",80213750583,1,5,0.2,2026PHMPHK
PE1,Scuola Normale Superiore di PISA,80005050507,Politecnico di MILANO,80057930150,1,5,0.2,2026P3T2LW
PE1,Scuola Normale Superiore di PISA,80005050507,Università degli Studi di TORINO,80088230018,1,5,0.2,2026P3T2LW
PE1,Scuola Normale Superiore di PISA,80005050507,"Università degli Studi di ROMA ""La Sapienza""",80209930587,1,5,0.2,2026P3T2LW
PE1,Scuola Normale Superiore di PISA,80005050507,"Università degli Studi di ROMA ""Tor Vergata""",80213750583,1,5,0.2,2026P3T2LW
PE1,Alma Mater Studiorum - Università di BOLOGNA,80007010376,Università degli Studi di TORINO,80088230018,1,5,0.2,2026P8PA7E
PE1,Alma Mater Studiorum - Università di BOLOGNA,80007010376,"Università degli Studi di ROMA ""La Sapienza""",80209930587,1,5,0.2,2026P8PA7E
PE1,Università degli Studi di PAVIA,80007270186,Università degli Studi di FERRARA,80007370382,1,5,0.2,2026PYFEZ9
PE1,Università degli Studi di PAVIA,80007270186,Scuola Internazionale Superiore di Studi Avanzati di TRIESTE,80035060328,1,5,0.2,2026P392RW
PE1,Università degli Studi di PAVIA,80007270186,"Università degli Studi di ROMA ""La Sapienza""",80209930587,1,5,0.2,2026P392RW
PE1,Università degli Studi di PAVIA,80007270186,"Università degli Studi di ROMA ""Tor Vergata""",80213750583,1,5,0.2,2026PYFEZ9
PE1,Università degli Studi di PAVIA,80007270186,Università degli Studi di VERONA,93009870234,1,5,0.2,2026PYFEZ9
PE1,Università degli Studi di FERRARA,80007370382,"Università degli Studi di ROMA ""Tor Vergata""",80213750583,1,5,0.2,2026PYFEZ9
PE1,Università degli Studi di FERRARA,80007370382,Università degli Studi di VERONA,93009870234,1,5,0.2,2026PYFEZ9
PE1,Università degli Studi di MILANO,80012650158,Scuola Internazionale Superiore di Studi Avanzati di TRIESTE,80035060328,1,5,0.2,2026PHMPHK
PE1,Università degli Studi di MILANO,80012650158,"Università degli Studi di ROMA ""La Sapienza""",80209930587,1,5,0.2,2026PHMPHK
PE1,Università degli Studi di MILANO,80012650158,"Università degli Studi di ROMA ""Tor Vergata""",80213750583,1,5,0.2,2026PHMPHK
PE1,Scuola Internazionale Superiore di Studi Avanzati di TRIESTE,80035060328,"Università degli Studi di ROMA ""Tor Vergata""",80213750583,1,5,0.2,2026PHMPHK
PE1,Politecnico di MILANO,80057930150,Università degli Studi di TORINO,80088230018,1,5,0.2,2026P3T2LW
PE1,Politecnico di MILANO,80057930150,"Università degli Studi di ROMA ""La Sapienza""",80209930587,1,5,0.2,2026P3T2LW
PE1,Politecnico di MILANO,80057930150,"Università degli Studi di ROMA ""Tor Vergata""",80213750583,1,5,0.2,2026P3T2LW
PE1,Università degli Studi di TORINO,80088230018,"Università degli Studi di ROMA ""Tor Vergata""",80213750583,1,5,0.2,2026P3T2LW
PE1,"Università degli Studi di ROMA ""Tor Vergata""",80213750583,Università degli Studi di VERONA,93009870234,1,5,0.2,2026PYFEZ9
PE2,Università degli Studi di FIRENZE,01279680480,Consiglio Nazionale delle Ricerche,80054330586,2,6,0.3333333333333333,2026PFJ75P; 2026PFWNAH
PE2,Università degli Studi di PALERMO,80023730825,Consiglio Nazionale delle Ricerche,80054330586,2,6,0.3333333333333333,2026PFWNAH; 2026PNT4XW
PE2,Università degli Studi di TORINO,80088230018,Istituto Nazionale di Fisica Nucleare,84001850589,2,6,0.3333333333333333,2026P4JRKZ; 2026PWZR49
PE2,Università degli Studi di PARMA,00308780345,Università degli Studi di FIRENZE,01279680480,1,6,0.16666666666666666,2026PFWNAH
PE2,Università degli Studi di PARMA,00308780345,Università degli Studi di PALERMO,80023730825,1,6,0.16666666666666666,2026PFWNAH
PE2,Università degli Studi di PARMA,00308780345,Consiglio Nazionale delle Ricerche,80054330586,1,6,0.16666666666666666,2026PFWNAH
PE2,Università degli Studi di GENOVA,00754150100,Università degli Studi di MILANO,80012650158,1,6,0.16666666666666666,2026PNT4XW
PE2,Università degli Studi di GENOVA,00754150100,Università degli Studi di PALERMO,80023730825,1,6,0.16666666666666666,2026PNT4XW
PE2,Università degli Studi di GENOVA,00754150100,Consiglio Nazionale delle Ricerche,80054330586,1,6,0.16666666666666666,2026PNT4XW
PE2,Università degli Studi di GENOVA,00754150100,Università degli Studi INSUBRIA Varese-Como,95039180120,1,6,0.16666666666666666,2026PNT4XW
PE2,Università degli Studi di FIRENZE,01279680480,Istituto Nazionale di Ricerca Metrologica,09261710017,1,6,0.16666666666666666,2026PFJ75P
PE2,Università degli Studi di FIRENZE,01279680480,Università degli Studi di PALERMO,80023730825,1,6,0.16666666666666666,2026PFWNAH
PE2,Università degli Studi di FIRENZE,01279680480,Università degli Studi di BRESCIA,98007650173,1,6,0.16666666666666666,2026PFJ75P
PE2,Università degli Studi ROMA TRE,04400441004,Università degli Studi di MILANO-BICOCCA,12621570154,1,6,0.16666666666666666,2026P4JRKZ
PE2,Università degli Studi ROMA TRE,04400441004,Università di PISA,80003670504,1,6,0.16666666666666666,2026P4JRKZ
PE2,Università degli Studi ROMA TRE,04400441004,Università degli Studi di TORINO,80088230018,1,6,0.16666666666666666,2026P4JRKZ
PE2,Università degli Studi ROMA TRE,04400441004,"Università degli Studi di ROMA ""Tor Vergata""",80213750583,1,6,0.16666666666666666,2026P4JRKZ
PE2,Università degli Studi ROMA TRE,04400441004,Istituto Nazionale di Fisica Nucleare,84001850589,1,6,0.16666666666666666,2026P4JRKZ
PE2,Istituto Nazionale di Ricerca Metrologica,09261710017,Consiglio Nazionale delle Ricerche,80054330586,1,6,0.16666666666666666,2026PFJ75P
PE2,Istituto Nazionale di Ricerca Metrologica,09261710017,Università degli Studi di BRESCIA,98007650173,1,6,0.16666666666666666,2026PFJ75P
PE2,Università degli Studi di MILANO-BICOCCA,12621570154,Università di PISA,80003670504,1,6,0.16666666666666666,2026P4JRKZ
PE2,Università degli Studi di MILANO-BICOCCA,12621570154,Università degli Studi di TORINO,80088230018,1,6,0.16666666666666666,2026P4JRKZ
PE2,Università degli Studi di MILANO-BICOCCA,12621570154,"Università degli Studi di ROMA ""Tor Vergata""",80213750583,1,6,0.16666666666666666,2026P4JRKZ
PE2,Università degli Studi di MILANO-BICOCCA,12621570154,Istituto Nazionale di Fisica Nucleare,84001850589,1,6,0.16666666666666666,2026P4JRKZ
PE2,Università di PISA,80003670504,Università degli Studi di TORINO,80088230018,1,6,0.16666666666666666,2026P4JRKZ
PE2,Università di PISA,80003670504,"Università degli Studi di ROMA ""Tor Vergata""",80213750583,1,6,0.16666666666666666,2026P4JRKZ
PE2,Università di PISA,80003670504,Istituto Nazionale di Fisica Nucleare,84001850589,1,6,0.16666666666666666,2026P4JRKZ
PE2,Università degli Studi di PADOVA,80006480281,Alma Mater Studiorum - Università di BOLOGNA,80007010376,1,6,0.16666666666666666,2026PNCHKR
PE2,Università degli Studi di PADOVA,80006480281,"Università degli Studi di ROMA ""La Sapienza""",80209930587,1,6,0.16666666666666666,2026PNCHKR
PE2,Università degli Studi di PADOVA,80006480281,Istituto Nazionale di Fisica Nucleare,84001850589,1,6,0.16666666666666666,2026PNCHKR
PE2,Alma Mater Studiorum - Università di BOLOGNA,80007010376,"Università degli Studi di ROMA ""La Sapienza""",80209930587,1,6,0.16666666666666666,2026PNCHKR
PE2,Alma Mater Studiorum - Università di BOLOGNA,80007010376,Istituto Nazionale di Fisica Nucleare,84001850589,1,6,0.16666666666666666,2026PNCHKR
PE2,Università degli Studi di MILANO,80012650158,Università degli Studi di PALERMO,80023730825,1,6,0.16666666666666666,2026PNT4XW
PE2,Università degli Studi di MILANO,80012650158,Consiglio Nazionale delle Ricerche,80054330586,1,6,0.16666666666666666,2026PNT4XW
PE2,Università degli Studi di MILANO,80012650158,Università degli Studi INSUBRIA Varese-Como,95039180120,1,6,0.16666666666666666,2026PNT4XW
PE2,Università degli Studi di TRIESTE,80013890324,Università degli Studi di CAGLIARI,80019600925,1,6,0.16666666666666666,2026PWZR49
PE2,Università degli Studi di TRIESTE,80013890324,Università degli Studi di TORINO,80088230018,1,6,0.16666666666666666,2026PWZR49
PE2,Università degli Studi di TRIESTE,80013890324,Istituto Nazionale di Fisica Nucleare,84001850589,1,6,0.16666666666666666,2026PWZR49
PE2,Università degli Studi di TRIESTE,80013890324,Università degli Studi del PIEMONTE ORIENTALE,94021400026,1,6,0.16666666666666666,2026PWZR49
PE2,Università degli Studi di CAGLIARI,80019600925,Università degli Studi di TORINO,80088230018,1,6,0.16666666666666666,2026PWZR49
PE2,Università degli Studi di CAGLIARI,80019600925,Istituto Nazionale di Fisica Nucleare,84001850589,1,6,0.16666666666666666,2026PWZR49
PE2,Università degli Studi di CAGLIARI,80019600925,Università degli Studi del PIEMONTE ORIENTALE,94021400026,1,6,0.16666666666666666,2026PWZR49
PE2,Università degli Studi di PALERMO,80023730825,Università degli Studi INSUBRIA Varese-Como,95039180120,1,6,0.16666666666666666,2026PNT4XW
PE2,Consiglio Nazionale delle Ricerche,80054330586,Università degli Studi INSUBRIA Varese-Como,95039180120,1,6,0.16666666666666666,2026PNT4XW
PE2,Consiglio Nazionale delle Ricerche,80054330586,Università degli Studi di BRESCIA,98007650173,1,6,0.16666666666666666,2026PFJ75P
PE2,Università degli Studi di TORINO,80088230018,"Università degli Studi di ROMA ""Tor Vergata""",80213750583,1,6,0.16666666666666666,2026P4JRKZ
PE2,Università degli Studi di TORINO,80088230018,Università degli Studi del PIEMONTE ORIENTALE,94021400026,1,6,0.16666666666666666,2026PWZR49
PE2,"Università degli Studi di ROMA ""La Sapienza""",80209930587,Istituto Nazionale di Fisica Nucleare,84001850589,1,6,0.16666666666666666,2026PNCHKR
PE2,"Università degli Studi di ROMA ""Tor Vergata""",80213750583,Istituto Nazionale di Fisica Nucleare,84001850589,1,6,0.16666666666666666,2026P4JRKZ
PE2,Istituto Nazionale di Fisica Nucleare,84001850589,Università degli Studi del PIEMONTE ORIENTALE,94021400026,1,6,0.16666666666666666,2026PWZR49
PE3,Università degli Studi di PADOVA,80006480281,Università degli Studi di MILANO,80012650158,2,5,0.4,2026P8SB85; 2026PLRFP7
PE3,Università degli Studi di PADOVA,80006480281,"Università degli Studi di ROMA ""La Sapienza""",80209930587,2,5,0.4,2026P8SB85; 2026PLRFP7
PE3,Università Ca' Foscari VENEZIA,80007720271,Consiglio Nazionale delle Ricerche,80054330586,2,5,0.4,2026P4W29P; 2026PRWBFN
PE3,Università Ca' Foscari VENEZIA,80007720271,Politecnico di MILANO,80057930150,2,5,0.4,2026P4W29P; 2026PRWBFN
PE3,Università degli Studi di MILANO,80012650158,"Università degli Studi di ROMA ""La Sapienza""",80209930587,2,5,0.4,2026P8SB85; 2026PLRFP7
PE3,Consiglio Nazionale delle Ricerche,80054330586,Politecnico di MILANO,80057930150,2,5,0.4,2026P4W29P; 2026PRWBFN
PE3,Consiglio Nazionale delle Ricerche,80054330586,"Università degli Studi di ROMA ""La Sapienza""",80209930587,2,5,0.4,2026P8SB85; 2026PRWBFN
PE3,Università degli Studi di PARMA,00308780345,Università degli Studi dell'AQUILA,01021630668,1,5,0.2,2026PL4ZKA
PE3,Università degli Studi di PARMA,00308780345,Università della CALABRIA,80003950781,1,5,0.2,2026PL4ZKA
PE3,Università degli Studi di PARMA,00308780345,Consiglio Nazionale delle Ricerche,80054330586,1,5,0.2,2026PL4ZKA
PE3,Università degli Studi di PARMA,00308780345,"Università degli Studi di ROMA ""Tor Vergata""",80213750583,1,5,0.2,2026PL4ZKA
PE3,Università degli Studi dell'AQUILA,01021630668,Università della CALABRIA,80003950781,1,5,0.2,2026PL4ZKA
PE3,Università degli Studi dell'AQUILA,01021630668,Consiglio Nazionale delle Ricerche,80054330586,1,5,0.2,2026PL4ZKA
PE3,Università degli Studi dell'AQUILA,01021630668,"Università degli Studi di ROMA ""Tor Vergata""",80213750583,1,5,0.2,2026PL4ZKA
PE3,Università degli Studi di FIRENZE,01279680480,Università degli Studi di PADOVA,80006480281,1,5,0.2,2026P8SB85
PE3,Università degli Studi di FIRENZE,01279680480,Università degli Studi di MILANO,80012650158,1,5,0.2,2026P8SB85
PE3,Università degli Studi di FIRENZE,01279680480,Consiglio Nazionale delle Ricerche,80054330586,1,5,0.2,2026P8SB85
PE3,Università degli Studi di FIRENZE,01279680480,"Università degli Studi di ROMA ""La Sapienza""",80209930587,1,5,0.2,2026P8SB85
PE3,Università degli Studi di MILANO-BICOCCA,12621570154,Università Ca' Foscari VENEZIA,80007720271,1,5,0.2,2026P4W29P
PE3,Università degli Studi di MILANO-BICOCCA,12621570154,Consiglio Nazionale delle Ricerche,80054330586,1,5,0.2,2026P4W29P
PE3,Università degli Studi di MILANO-BICOCCA,12621570154,Politecnico di MILANO,80057930150,1,5,0.2,2026P4W29P
PE3,Università degli Studi di MILANO-BICOCCA,12621570154,Università degli Studi di TORINO,80088230018,1,5,0.2,2026P4W29P
PE3,Università della CALABRIA,80003950781,Consiglio Nazionale delle Ricerche,80054330586,1,5,0.2,2026PL4ZKA
PE3,Università della CALABRIA,80003950781,"Università degli Studi di ROMA ""Tor Vergata""",80213750583,1,5,0.2,2026PL4ZKA
PE3,Università degli Studi di PADOVA,80006480281,Consiglio Nazionale delle Ricerche,80054330586,1,5,0.2,2026P8SB85
PE3,Università degli Studi di PADOVA,80006480281,Università degli Studi di TORINO,80088230018,1,5,0.2,2026PLRFP7
PE3,Università degli Studi di PADOVA,80006480281,UNISR - Università Vita Salute San Raffaele,97187560152,1,5,0.2,2026PLRFP7
PE3,Università Ca' Foscari VENEZIA,80007720271,Università degli Studi di TRIESTE,80013890324,1,5,0.2,2026PRWBFN
PE3,Università Ca' Foscari VENEZIA,80007720271,Università degli Studi di TORINO,80088230018,1,5,0.2,2026P4W29P
PE3,Università Ca' Foscari VENEZIA,80007720271,"Università degli Studi di ROMA ""La Sapienza""",80209930587,1,5,0.2,2026PRWBFN
PE3,Università degli Studi di MILANO,80012650158,Consiglio Nazionale delle Ricerche,80054330586,1,5,0.2,2026P8SB85
PE3,Università degli Studi di MILANO,80012650158,Università degli Studi di TORINO,80088230018,1,5,0.2,2026PLRFP7
PE3,Università degli Studi di MILANO,80012650158,UNISR - Università Vita Salute San Raffaele,97187560152,1,5,0.2,2026PLRFP7
PE3,Università degli Studi di TRIESTE,80013890324,Consiglio Nazionale delle Ricerche,80054330586,1,5,0.2,2026PRWBFN
PE3,Università degli Studi di TRIESTE,80013890324,Politecnico di MILANO,80057930150,1,5,0.2,2026PRWBFN
PE3,Università degli Studi di TRIESTE,80013890324,"Università degli Studi di ROMA ""La Sapienza""",80209930587,1,5,0.2,2026PRWBFN
PE3,Consiglio Nazionale delle Ricerche,80054330586,Università degli Studi di TORINO,80088230018,1,5,0.2,2026P4W29P
PE3,Consiglio Nazionale delle Ricerche,80054330586,"Università degli Studi di ROMA ""Tor Vergata""",80213750583,1,5,0.2,2026PL4ZKA
PE3,Politecnico di MILANO,80057930150,Università degli Studi di TORINO,80088230018,1,5,0.2,2026P4W29P
PE3,Politecnico di MILANO,80057930150,"Università degli Studi di ROMA ""La Sapienza""",80209930587,1,5,0.2,2026PRWBFN
PE3,Università degli Studi di TORINO,80088230018,"Università degli Studi di ROMA ""La Sapienza""",80209930587,1,5,0.2,2026PLRFP7
PE3,Università degli Studi di TORINO,80088230018,UNISR - Università Vita Salute San Raffaele,97187560152,1,5,0.2,2026PLRFP7
PE3,"Università degli Studi di ROMA ""La Sapienza""",80209930587,UNISR - Università Vita Salute San Raffaele,97187560152,1,5,0.2,2026PLRFP7
PE7,Università degli Studi di CATANIA,02772010878,Politecnico di MILANO,80057930150,3,11,0.2727272727272727,2026P7EAZX; 2026PJSZXF; 2026PTCCMW
PE7,Università degli Studi di PERUGIA,00448820548,Università degli Studi di FIRENZE,01279680480,2,11,0.18181818181818182,2026P7EAZX; 2026PTCCMW
PE7,Università degli Studi di PERUGIA,00448820548,Università degli Studi di CATANIA,02772010878,2,11,0.18181818181818182,2026P7EAZX; 2026PTCCMW
PE7,Università degli Studi di PERUGIA,00448820548,Consiglio Nazionale delle Ricerche,80054330586,2,11,0.18181818181818182,2026PEPNKS; 2026PTCCMW
PE7,Università degli Studi di PERUGIA,00448820548,Politecnico di MILANO,80057930150,2,11,0.18181818181818182,2026P7EAZX; 2026PTCCMW
PE7,Università degli Studi di PERUGIA,00448820548,Università degli Studi di CASSINO e del LAZIO MERIDIONALE,81006500607,2,11,0.18181818181818182,2026PEPNKS; 2026PRM3Y8
PE7,Politecnico di TORINO,00518460019,Politecnico di MILANO,80057930150,2,11,0.18181818181818182,2026PH5MMN; 2026PJSZXF
PE7,Università degli Studi di Napoli Federico II,00876220633,Università degli Studi di CASSINO e del LAZIO MERIDIONALE,81006500607,2,11,0.18181818181818182,2026PEPNKS; 2026PJMWPX
PE7,Università degli Studi di FIRENZE,01279680480,Università degli Studi di CATANIA,02772010878,2,11,0.18181818181818182,2026P7EAZX; 2026PTCCMW
PE7,Università degli Studi di FIRENZE,01279680480,Politecnico di MILANO,80057930150,2,11,0.18181818181818182,2026P7EAZX; 2026PTCCMW
PE7,Università degli Studi di CATANIA,02772010878,Università degli Studi ROMA TRE,04400441004,2,11,0.18181818181818182,2026P7EAZX; 2026PHLMC4
PE7,Università degli Studi di CATANIA,02772010878,Consiglio Nazionale delle Ricerche,80054330586,2,11,0.18181818181818182,2026PJSZXF; 2026PTCCMW
PE7,Università degli Studi di SALERNO,80018670655,Università degli Studi di CASSINO e del LAZIO MERIDIONALE,81006500607,2,11,0.18181818181818182,2026PJMWPX; 2026PNS22N
PE7,Consiglio Nazionale delle Ricerche,80054330586,Politecnico di MILANO,80057930150,2,11,0.18181818181818182,2026PJSZXF; 2026PTCCMW
PE7,Consiglio Nazionale delle Ricerche,80054330586,"Università degli Studi di ROMA ""Tor Vergata""",80213750583,2,11,0.18181818181818182,2026PEPNKS; 2026PWJ2BB
PE7,Università degli Studi di PARMA,00308780345,Politecnico di TORINO,00518460019,1,11,0.09090909090909091,2026PH5MMN
PE7,Università degli Studi di PARMA,00308780345,Università degli Studi dell'AQUILA,01021630668,1,11,0.09090909090909091,2026PH5MMN
PE7,Università degli Studi di PARMA,00308780345,Università degli Studi di PADOVA,80006480281,1,11,0.09090909090909091,2026PH5MMN
PE7,Università degli Studi di PARMA,00308780345,Politecnico di MILANO,80057930150,1,11,0.09090909090909091,2026PH5MMN
PE7,Università degli Studi di TRENTO,00340520220,Politecnico di TORINO,00518460019,1,11,0.09090909090909091,2026PW4NBT
PE7,Università degli Studi di TRENTO,00340520220,Università degli Studi di FIRENZE,01279680480,1,11,0.09090909090909091,2026PNS22N
PE7,Università degli Studi di TRENTO,00340520220,Università Cattolica del Sacro Cuore,02133120150,1,11,0.09090909090909091,2026PNS22N
PE7,Università degli Studi di TRENTO,00340520220,UNICUSANO Università degli Studi Niccolò Cusano -Telematica Roma,09073721004,1,11,0.09090909090909091,2026PW4NBT
PE7,Università degli Studi di TRENTO,00340520220,Università degli Studi di PADOVA,80006480281,1,11,0.09090909090909091,2026PNS22N
PE7,Università degli Studi di TRENTO,00340520220,Università degli Studi di PAVIA,80007270186,1,11,0.09090909090909091,2026PW4NBT
PE7,Università degli Studi di TRENTO,00340520220,Università degli Studi di SALERNO,80018670655,1,11,0.09090909090909091,2026PNS22N
PE7,Università degli Studi di TRENTO,00340520220,Università degli Studi di CASSINO e del LAZIO MERIDIONALE,81006500607,1,11,0.09090909090909091,2026PNS22N
PE7,Università degli Studi di TRENTO,00340520220,Politecnico di BARI,93051590722,1,11,0.09090909090909091,2026PW4NBT
PE7,Università degli Studi di PERUGIA,00448820548,Università degli Studi di Napoli Federico II,00876220633,1,11,0.09090909090909091,2026PEPNKS
PE7,Università degli Studi di PERUGIA,00448820548,Università degli Studi ROMA TRE,04400441004,1,11,0.09090909090909091,2026P7EAZX
PE7,Università degli Studi di PERUGIA,00448820548,Istituto Nazionale di Ricerca Metrologica,09261710017,1,11,0.09090909090909091,2026PRM3Y8
PE7,Università degli Studi di PERUGIA,00448820548,Università degli Studi di SIENA,80002070524,1,11,0.09090909090909091,2026PTCCMW
PE7,Università degli Studi di PERUGIA,00448820548,Università di PISA,80003670504,1,11,0.09090909090909091,2026PRM3Y8
PE7,Università degli Studi di PERUGIA,00448820548,ACCADEMIA DI BELLE ARTI DI FROSINONE,80006930608,1,11,0.09090909090909091,2026PEPNKS
PE7,Università degli Studi di PERUGIA,00448820548,Alma Mater Studiorum - Università di BOLOGNA,80007010376,1,11,0.09090909090909091,2026PRM3Y8
PE7,Università degli Studi di PERUGIA,00448820548,"Università degli Studi di ROMA ""Tor Vergata""",80213750583,1,11,0.09090909090909091,2026PEPNKS
PE7,Università degli Studi di PERUGIA,00448820548,Università degli Studi di BRESCIA,98007650173,1,11,0.09090909090909091,2026PRM3Y8
PE7,Politecnico di TORINO,00518460019,Università degli Studi dell'AQUILA,01021630668,1,11,0.09090909090909091,2026PH5MMN
PE7,Politecnico di TORINO,00518460019,Università degli Studi di CATANIA,02772010878,1,11,0.09090909090909091,2026PJSZXF
PE7,Politecnico di TORINO,00518460019,UNICUSANO Università degli Studi Niccolò Cusano -Telematica Roma,09073721004,1,11,0.09090909090909091,2026PW4NBT
PE7,Politecnico di TORINO,00518460019,Università degli Studi di PADOVA,80006480281,1,11,0.09090909090909091,2026PH5MMN
PE7,Politecnico di TORINO,00518460019,Università degli Studi di PAVIA,80007270186,1,11,0.09090909090909091,2026PW4NBT
PE7,Politecnico di TORINO,00518460019,Consiglio Nazionale delle Ricerche,80054330586,1,11,0.09090909090909091,2026PJSZXF
PE7,Politecnico di TORINO,00518460019,Politecnico di BARI,93051590722,1,11,0.09090909090909091,2026PW4NBT
PE7,Università degli Studi di Napoli Federico II,00876220633,LINK CAMPUS University,11933781004,1,11,0.09090909090909091,2026PJMWPX
PE7,Università degli Studi di Napoli Federico II,00876220633,ACCADEMIA DI BELLE ARTI DI FROSINONE,80006930608,1,11,0.09090909090909091,2026PEPNKS
PE7,Università degli Studi di Napoli Federico II,00876220633,"Università degli Studi di NAPOLI ""Parthenope""",80018240632,1,11,0.09090909090909091,2026PJMWPX
PE7,Università degli Studi di Napoli Federico II,00876220633,Università degli Studi di SALERNO,80018670655,1,11,0.09090909090909091,2026PJMWPX
PE7,Università degli Studi di Napoli Federico II,00876220633,Consiglio Nazionale delle Ricerche,80054330586,1,11,0.09090909090909091,2026PEPNKS
PE7,Università degli Studi di Napoli Federico II,00876220633,"Università degli Studi di ROMA ""Tor Vergata""",80213750583,1,11,0.09090909090909091,2026PEPNKS
PE7,Università degli Studi di Napoli Federico II,00876220633,Università degli Studi di FOGGIA,94045260711,1,11,0.09090909090909091,2026PJMWPX
PE7,Università degli Studi dell'AQUILA,01021630668,Università degli Studi di PADOVA,80006480281,1,11,0.09090909090909091,2026PH5MMN
PE7,Università degli Studi dell'AQUILA,01021630668,Politecnico di MILANO,80057930150,1,11,0.09090909090909091,2026PH5MMN
PE7,Università degli Studi di FIRENZE,01279680480,Università Cattolica del Sacro Cuore,02133120150,1,11,0.09090909090909091,2026PNS22N
PE7,Università degli Studi di FIRENZE,01279680480,Università degli Studi ROMA TRE,04400441004,1,11,0.09090909090909091,2026P7EAZX
PE7,Università degli Studi di FIRENZE,01279680480,Università degli Studi di SIENA,80002070524,1,11,0.09090909090909091,2026PTCCMW
PE7,Università degli Studi di FIRENZE,01279680480,Università degli Studi di PADOVA,80006480281,1,11,0.09090909090909091,2026PNS22N
PE7,Università degli Studi di FIRENZE,01279680480,Università degli Studi di SALERNO,80018670655,1,11,0.09090909090909091,2026PNS22N
PE7,Università degli Studi di FIRENZE,01279680480,Consiglio Nazionale delle Ricerche,80054330586,1,11,0.09090909090909091,2026PTCCMW
PE7,Università degli Studi di FIRENZE,01279680480,Università degli Studi di CASSINO e del LAZIO MERIDIONALE,81006500607,1,11,0.09090909090909091,2026PNS22N
PE7,Università Cattolica del Sacro Cuore,02133120150,Università degli Studi di PADOVA,80006480281,1,11,0.09090909090909091,2026PNS22N
PE7,Università Cattolica del Sacro Cuore,02133120150,Università degli Studi di SALERNO,80018670655,1,11,0.09090909090909091,2026PNS22N
PE7,Università Cattolica del Sacro Cuore,02133120150,Università degli Studi di CASSINO e del LAZIO MERIDIONALE,81006500607,1,11,0.09090909090909091,2026PNS22N
PE7,Università degli Studi di CATANIA,02772010878,UNICUSANO Università degli Studi Niccolò Cusano -Telematica Roma,09073721004,1,11,0.09090909090909091,2026PHLMC4
PE7,Università degli Studi di CATANIA,02772010878,Università degli Studi di SIENA,80002070524,1,11,0.09090909090909091,2026PTCCMW
PE7,Università degli Studi di CATANIA,02772010878,Università degli Studi di BRESCIA,98007650173,1,11,0.09090909090909091,2026PHLMC4
PE7,Università degli Studi ROMA TRE,04400441004,UNICUSANO Università degli Studi Niccolò Cusano -Telematica Roma,09073721004,1,11,0.09090909090909091,2026PHLMC4
PE7,Università degli Studi ROMA TRE,04400441004,Politecnico di MILANO,80057930150,1,11,0.09090909090909091,2026P7EAZX
PE7,Università degli Studi ROMA TRE,04400441004,Università degli Studi di BRESCIA,98007650173,1,11,0.09090909090909091,2026PHLMC4
PE7,UNICUSANO Università degli Studi Niccolò Cusano -Telematica Roma,09073721004,Università degli Studi di PAVIA,80007270186,1,11,0.09090909090909091,2026PW4NBT
PE7,UNICUSANO Università degli Studi Niccolò Cusano -Telematica Roma,09073721004,Politecnico di BARI,93051590722,1,11,0.09090909090909091,2026PW4NBT
PE7,UNICUSANO Università degli Studi Niccolò Cusano -Telematica Roma,09073721004,Università degli Studi di BRESCIA,98007650173,1,11,0.09090909090909091,2026PHLMC4
PE7,Istituto Nazionale di Ricerca Metrologica,09261710017,Università di PISA,80003670504,1,11,0.09090909090909091,2026PRM3Y8
PE7,Istituto Nazionale di Ricerca Metrologica,09261710017,Alma Mater Studiorum - Università di BOLOGNA,80007010376,1,11,0.09090909090909091,2026PRM3Y8
PE7,Istituto Nazionale di Ricerca Metrologica,09261710017,Università degli Studi di CASSINO e del LAZIO MERIDIONALE,81006500607,1,11,0.09090909090909091,2026PRM3Y8
PE7,Istituto Nazionale di Ricerca Metrologica,09261710017,Università degli Studi di BRESCIA,98007650173,1,11,0.09090909090909091,2026PRM3Y8
PE7,LINK CAMPUS University,11933781004,"Università degli Studi di NAPOLI ""Parthenope""",80018240632,1,11,0.09090909090909091,2026PJMWPX
PE7,LINK CAMPUS University,11933781004,Università degli Studi di SALERNO,80018670655,1,11,0.09090909090909091,2026PJMWPX
PE7,LINK CAMPUS University,11933781004,Università degli Studi di CASSINO e del LAZIO MERIDIONALE,81006500607,1,11,0.09090909090909091,2026PJMWPX
PE7,LINK CAMPUS University,11933781004,Università degli Studi di FOGGIA,94045260711,1,11,0.09090909090909091,2026PJMWPX
PE7,Università degli Studi di SIENA,80002070524,Consiglio Nazionale delle Ricerche,80054330586,1,11,0.09090909090909091,2026PTCCMW
PE7,Università degli Studi di SIENA,80002070524,Politecnico di MILANO,80057930150,1,11,0.09090909090909091,2026PTCCMW
PE7,Università di PISA,80003670504,Alma Mater Studiorum - Università di BOLOGNA,80007010376,1,11,0.09090909090909091,2026PRM3Y8
PE7,Università di PISA,80003670504,Università degli Studi di CASSINO e del LAZIO MERIDIONALE,81006500607,1,11,0.09090909090909091,2026PRM3Y8
PE7,Università di PISA,80003670504,Università degli Studi di BRESCIA,98007650173,1,11,0.09090909090909091,2026PRM3Y8
PE7,Università degli Studi di PADOVA,80006480281,Università degli Studi di SALERNO,80018670655,1,11,0.09090909090909091,2026PNS22N
PE7,Università degli Studi di PADOVA,80006480281,Consiglio Nazionale delle Ricerche,80054330586,1,11,0.09090909090909091,2026PWJ2BB
PE7,Università degli Studi di PADOVA,80006480281,Politecnico di MILANO,80057930150,1,11,0.09090909090909091,2026PH5MMN
PE7,Università degli Studi di PADOVA,80006480281,Università degli Studi di TORINO,80088230018,1,11,0.09090909090909091,2026PWJ2BB
PE7,Università degli Studi di PADOVA,80006480281,"Università degli Studi di ROMA ""Tor Vergata""",80213750583,1,11,0.09090909090909091,2026PWJ2BB
PE7,Università degli Studi di PADOVA,80006480281,Università degli Studi di CASSINO e del LAZIO MERIDIONALE,81006500607,1,11,0.09090909090909091,2026PNS22N
PE7,ACCADEMIA DI BELLE ARTI DI FROSINONE,80006930608,Consiglio Nazionale delle Ricerche,80054330586,1,11,0.09090909090909091,2026PEPNKS
PE7,ACCADEMIA DI BELLE ARTI DI FROSINONE,80006930608,"Università degli Studi di ROMA ""Tor Vergata""",80213750583,1,11,0.09090909090909091,2026PEPNKS
PE7,ACCADEMIA DI BELLE ARTI DI FROSINONE,80006930608,Università degli Studi di CASSINO e del LAZIO MERIDIONALE,81006500607,1,11,0.09090909090909091,2026PEPNKS
PE7,Alma Mater Studiorum - Università di BOLOGNA,80007010376,Università degli Studi di CASSINO e del LAZIO MERIDIONALE,81006500607,1,11,0.09090909090909091,2026PRM3Y8
PE7,Alma Mater Studiorum - Università di BOLOGNA,80007010376,Università degli Studi di BRESCIA,98007650173,1,11,0.09090909090909091,2026PRM3Y8
PE7,Università degli Studi di PAVIA,80007270186,Politecnico di BARI,93051590722,1,11,0.09090909090909091,2026PW4NBT
PE7,"Università degli Studi di NAPOLI ""Parthenope""",80018240632,Università degli Studi di SALERNO,80018670655,1,11,0.09090909090909091,2026PJMWPX
PE7,"Università degli Studi di NAPOLI ""Parthenope""",80018240632,Università degli Studi di CASSINO e del LAZIO MERIDIONALE,81006500607,1,11,0.09090909090909091,2026PJMWPX
PE7,"Università degli Studi di NAPOLI ""Parthenope""",80018240632,Università degli Studi di FOGGIA,94045260711,1,11,0.09090909090909091,2026PJMWPX
PE7,Università degli Studi di SALERNO,80018670655,Università degli Studi di FOGGIA,94045260711,1,11,0.09090909090909091,2026PJMWPX
PE7,Consiglio Nazionale delle Ricerche,80054330586,Università degli Studi di TORINO,80088230018,1,11,0.09090909090909091,2026PWJ2BB
PE7,Consiglio Nazionale delle Ricerche,80054330586,Università degli Studi di CASSINO e del LAZIO MERIDIONALE,81006500607,1,11,0.09090909090909091,2026PEPNKS
PE7,Università degli Studi di TORINO,80088230018,"Università degli Studi di ROMA ""Tor Vergata""",80213750583,1,11,0.09090909090909091,2026PWJ2BB
PE7,"Università degli Studi di ROMA ""Tor Vergata""",80213750583,Università degli Studi di CASSINO e del LAZIO MERIDIONALE,81006500607,1,11,0.09090909090909091,2026PEPNKS
PE7,Università degli Studi di CASSINO e del LAZIO MERIDIONALE,81006500607,Università degli Studi di FOGGIA,94045260711,1,11,0.09090909090909091,2026PJMWPX
PE7,Università degli Studi di CASSINO e del LAZIO MERIDIONALE,81006500607,Università degli Studi di BRESCIA,98007650173,1,11,0.09090909090909091,2026PRM3Y8
PE8,Consiglio Nazionale delle Ricerche,80054330586,Politecnico di MILANO,80057930150,4,14,0.2857142857142857,2026PLWK3R; 2026PMAYZE; 2026PSLPF4; 2026PWELAN
PE8,Università degli Studi di PERUGIA,00448820548,Università degli Studi di Napoli Federico II,00876220633,3,14,0.21428571428571427,2026PF7RZ7; 2026PRP438; 2026PT4LAW
PE8,Politecnico di TORINO,00518460019,Consiglio Nazionale delle Ricerche,80054330586,3,14,0.21428571428571427,2026P7C5HF; 2026PMAYZE; 2026PSLPF4
PE8,Università degli Studi di Napoli Federico II,00876220633,Università degli Studi di SALERNO,80018670655,3,14,0.21428571428571427,2026P5WRZ8; 2026PT4LAW; 2026PWTWM5
PE8,Università degli Studi di PARMA,00308780345,Politecnico di MILANO,80057930150,2,14,0.14285714285714285,2026PKHJA4; 2026PLWK3R
PE8,Politecnico di TORINO,00518460019,Politecnico di MILANO,80057930150,2,14,0.14285714285714285,2026PMAYZE; 2026PSLPF4
PE8,Università degli Studi di Napoli Federico II,00876220633,Università Telematica PEGASO,05411471211,2,14,0.14285714285714285,2026PT4LAW; 2026PWTWM5
PE8,Università degli Studi di Napoli Federico II,00876220633,Consiglio Nazionale delle Ricerche,80054330586,2,14,0.14285714285714285,2026PLWK3R; 2026PWELAN
PE8,Università degli Studi di Napoli Federico II,00876220633,Politecnico di MILANO,80057930150,2,14,0.14285714285714285,2026PLWK3R; 2026PWELAN
PE8,Università degli Studi di Napoli Federico II,00876220633,Università degli Studi di CASSINO e del LAZIO MERIDIONALE,81006500607,2,14,0.14285714285714285,2026PT4LAW; 2026PWTWM5
PE8,Università Telematica PEGASO,05411471211,Università degli Studi di SALERNO,80018670655,2,14,0.14285714285714285,2026PT4LAW; 2026PWTWM5
PE8,Università Telematica PEGASO,05411471211,Università degli Studi di CASSINO e del LAZIO MERIDIONALE,81006500607,2,14,0.14285714285714285,2026PT4LAW; 2026PWTWM5
PE8,Università degli Studi di PADOVA,80006480281,Politecnico di MILANO,80057930150,2,14,0.14285714285714285,2026PKHJA4; 2026PSLPF4
PE8,Alma Mater Studiorum - Università di BOLOGNA,80007010376,Politecnico di MILANO,80057930150,2,14,0.14285714285714285,2026PKHJA4; 2026PMAYZE
PE8,"Università degli Studi di NAPOLI ""Parthenope""",80018240632,Consiglio Nazionale delle Ricerche,80054330586,2,14,0.14285714285714285,2026PPCYZY; 2026PWELAN
PE8,Università degli Studi di SALERNO,80018670655,"Università degli Studi di ROMA ""Tor Vergata""",80213750583,2,14,0.14285714285714285,2026P5WRZ8; 2026PPCYZY
PE8,Università degli Studi di SALERNO,80018670655,Università degli Studi di CASSINO e del LAZIO MERIDIONALE,81006500607,2,14,0.14285714285714285,2026PT4LAW; 2026PWTWM5
PE8,Politecnico di MILANO,80057930150,Politecnico di BARI,93051590722,2,14,0.14285714285714285,2026PPLHWR; 2026PWELAN
PE8,Università degli Studi di PARMA,00308780345,Università Politecnica delle MARCHE,00382520427,1,14,0.07142857142857142,2026PP584L
PE8,Università degli Studi di PARMA,00308780345,Università degli Studi di Napoli Federico II,00876220633,1,14,0.07142857142857142,2026PLWK3R
PE8,Università degli Studi di PARMA,00308780345,Università degli Studi di FIRENZE,01279680480,1,14,0.07142857142857142,2026PKHJA4
PE8,Università degli Studi di PARMA,00308780345,Università degli Studi ROMA TRE,04400441004,1,14,0.07142857142857142,2026PP584L
PE8,Università degli Studi di PARMA,00308780345,Università della CALABRIA,80003950781,1,14,0.07142857142857142,2026PP584L
PE8,Università degli Studi di PARMA,00308780345,Università degli Studi di PADOVA,80006480281,1,14,0.07142857142857142,2026PKHJA4
PE8,Università degli Studi di PARMA,00308780345,Alma Mater Studiorum - Università di BOLOGNA,80007010376,1,14,0.07142857142857142,2026PKHJA4
PE8,Università degli Studi di PARMA,00308780345,Università degli Studi di PAVIA,80007270186,1,14,0.07142857142857142,2026PKHJA4
PE8,Università degli Studi di PARMA,00308780345,Università degli Studi di PALERMO,80023730825,1,14,0.07142857142857142,2026PP584L
PE8,Università degli Studi di PARMA,00308780345,Consiglio Nazionale delle Ricerche,80054330586,1,14,0.07142857142857142,2026PLWK3R
PE8,Università degli Studi di PARMA,00308780345,"Università degli Studi di ROMA ""La Sapienza""",80209930587,1,14,0.07142857142857142,2026PP584L
PE8,Università degli Studi di TRENTO,00340520220,Università degli Studi di MODENA e REGGIO EMILIA,00427620364,1,14,0.07142857142857142,2026PRP438
PE8,Università degli Studi di TRENTO,00340520220,Università degli Studi di PERUGIA,00448820548,1,14,0.07142857142857142,2026PRP438
PE8,Università degli Studi di TRENTO,00340520220,Politecnico di TORINO,00518460019,1,14,0.07142857142857142,2026P7C5HF
PE8,Università degli Studi di TRENTO,00340520220,Università degli Studi di Napoli Federico II,00876220633,1,14,0.07142857142857142,2026PRP438
PE8,Università degli Studi di TRENTO,00340520220,Università degli Studi di PADOVA,80006480281,1,14,0.07142857142857142,2026PRP438
PE8,Università degli Studi di TRENTO,00340520220,Università degli Studi di UDINE,80014550307,1,14,0.07142857142857142,2026P7C5HF
PE8,Università degli Studi di TRENTO,00340520220,Consiglio Nazionale delle Ricerche,80054330586,1,14,0.07142857142857142,2026P7C5HF
PE8,Università degli Studi di TRENTO,00340520220,"Università degli Studi di ROMA ""La Sapienza""",80209930587,1,14,0.07142857142857142,2026P7C5HF
PE8,Università degli Studi di TRENTO,00340520220,Istituto Nazionale di Fisica Nucleare,84001850589,1,14,0.07142857142857142,2026P7C5HF
PE8,Università Politecnica delle MARCHE,00382520427,Università degli Studi ROMA TRE,04400441004,1,14,0.07142857142857142,2026PP584L
PE8,Università Politecnica delle MARCHE,00382520427,Università della CALABRIA,80003950781,1,14,0.07142857142857142,2026PP584L
PE8,Università Politecnica delle MARCHE,00382520427,Università degli Studi di PALERMO,80023730825,1,14,0.07142857142857142,2026PP584L
PE8,Università Politecnica delle MARCHE,00382520427,"Università degli Studi di ROMA ""La Sapienza""",80209930587,1,14,0.07142857142857142,2026PP584L
PE8,Università degli Studi di MODENA e REGGIO EMILIA,00427620364,Università degli Studi di PERUGIA,00448820548,1,14,0.07142857142857142,2026PRP438
PE8,Università degli Studi di MODENA e REGGIO EMILIA,00427620364,Università degli Studi di Napoli Federico II,00876220633,1,14,0.07142857142857142,2026PRP438
PE8,Università degli Studi di MODENA e REGGIO EMILIA,00427620364,Università degli Studi di PADOVA,80006480281,1,14,0.07142857142857142,2026PRP438
PE8,Università degli Studi di PERUGIA,00448820548,Politecnico di TORINO,00518460019,1,14,0.07142857142857142,2026PF7RZ7
PE8,Università degli Studi di PERUGIA,00448820548,Università Telematica PEGASO,05411471211,1,14,0.07142857142857142,2026PT4LAW
PE8,Università degli Studi di PERUGIA,00448820548,Università per Stranieri di PERUGIA,80002630541,1,14,0.07142857142857142,2026PF7RZ7
PE8,Università degli Studi di PERUGIA,00448820548,Università degli Studi di PADOVA,80006480281,1,14,0.07142857142857142,2026PRP438
PE8,Università degli Studi di PERUGIA,00448820548,Università degli Studi di PAVIA,80007270186,1,14,0.07142857142857142,2026PF7RZ7
PE8,Università degli Studi di PERUGIA,00448820548,Università degli Studi di SALERNO,80018670655,1,14,0.07142857142857142,2026PT4LAW
PE8,Università degli Studi di PERUGIA,00448820548,Università degli Studi di CASSINO e del LAZIO MERIDIONALE,81006500607,1,14,0.07142857142857142,2026PT4LAW
PE8,Università degli Studi di PERUGIA,00448820548,Università degli Studi del MOLISE,92008370709,1,14,0.07142857142857142,2026PT4LAW
PE8,Politecnico di TORINO,00518460019,Università degli Studi di Napoli Federico II,00876220633,1,14,0.07142857142857142,2026PF7RZ7
PE8,Politecnico di TORINO,00518460019,Università per Stranieri di PERUGIA,80002630541,1,14,0.07142857142857142,2026PF7RZ7
PE8,Politecnico di TORINO,00518460019,Università della CALABRIA,80003950781,1,14,0.07142857142857142,2026PMAYZE
PE8,Politecnico di TORINO,00518460019,Università degli Studi di MESSINA,80004070837,1,14,0.07142857142857142,2026PSLPF4
PE8,Politecnico di TORINO,00518460019,Università degli Studi di PADOVA,80006480281,1,14,0.07142857142857142,2026PSLPF4
PE8,Politecnico di TORINO,00518460019,Alma Mater Studiorum - Università di BOLOGNA,80007010376,1,14,0.07142857142857142,2026PMAYZE
PE8,Politecnico di TORINO,00518460019,Università degli Studi di PAVIA,80007270186,1,14,0.07142857142857142,2026PF7RZ7
PE8,Politecnico di TORINO,00518460019,Università degli Studi di UDINE,80014550307,1,14,0.07142857142857142,2026P7C5HF
PE8,Politecnico di TORINO,00518460019,"Università degli Studi di ROMA ""La Sapienza""",80209930587,1,14,0.07142857142857142,2026P7C5HF
PE8,Politecnico di TORINO,00518460019,Istituto Nazionale di Fisica Nucleare,84001850589,1,14,0.07142857142857142,2026P7C5HF
PE8,Università degli Studi di GENOVA,00754150100,Politecnico di MILANO,80057930150,1,14,0.07142857142857142,2026PPLHWR
PE8,Università degli Studi di GENOVA,00754150100,"Università degli Studi di ROMA ""La Sapienza""",80209930587,1,14,0.07142857142857142,2026PPLHWR
PE8,Università degli Studi di GENOVA,00754150100,Politecnico di BARI,93051590722,1,14,0.07142857142857142,2026PPLHWR
PE8,Università degli Studi di Napoli Federico II,00876220633,Università degli Studi di CATANIA,02772010878,1,14,0.07142857142857142,2026PWTWM5
PE8,Università degli Studi di Napoli Federico II,00876220633,Università per Stranieri di PERUGIA,80002630541,1,14,0.07142857142857142,2026PF7RZ7
PE8,Università degli Studi di Napoli Federico II,00876220633,Università di PISA,80003670504,1,14,0.07142857142857142,2026P5WRZ8
PE8,Università degli Studi di Napoli Federico II,00876220633,Università della CALABRIA,80003950781,1,14,0.07142857142857142,2026PWTWM5
PE8,Università degli Studi di Napoli Federico II,00876220633,Università degli Studi di PADOVA,80006480281,1,14,0.07142857142857142,2026PRP438
PE8,Università degli Studi di Napoli Federico II,00876220633,Alma Mater Studiorum - Università di BOLOGNA,80007010376,1,14,0.07142857142857142,2026P5WRZ8
PE8,Università degli Studi di Napoli Federico II,00876220633,Università degli Studi di PAVIA,80007270186,1,14,0.07142857142857142,2026PF7RZ7
PE8,Università degli Studi di Napoli Federico II,00876220633,Università IUAV di VENEZIA,80009280274,1,14,0.07142857142857142,2026P5WRZ8
PE8,Università degli Studi di Napoli Federico II,00876220633,"Università degli Studi di NAPOLI ""Parthenope""",80018240632,1,14,0.07142857142857142,2026PWELAN
PE8,Università degli Studi di Napoli Federico II,00876220633,"Università degli Studi di ROMA ""Tor Vergata""",80213750583,1,14,0.07142857142857142,2026P5WRZ8
PE8,Università degli Studi di Napoli Federico II,00876220633,Università degli Studi del MOLISE,92008370709,1,14,0.07142857142857142,2026PT4LAW
PE8,Università degli Studi di Napoli Federico II,00876220633,Politecnico di BARI,93051590722,1,14,0.07142857142857142,2026PWELAN
PE8,Università degli Studi di FIRENZE,01279680480,Università degli Studi di PADOVA,80006480281,1,14,0.07142857142857142,2026PKHJA4
PE8,Università degli Studi di FIRENZE,01279680480,Alma Mater Studiorum - Università di BOLOGNA,80007010376,1,14,0.07142857142857142,2026PKHJA4
PE8,Università degli Studi di FIRENZE,01279680480,Università degli Studi di PAVIA,80007270186,1,14,0.07142857142857142,2026PKHJA4
PE8,Università degli Studi di FIRENZE,01279680480,Politecnico di MILANO,80057930150,1,14,0.07142857142857142,2026PKHJA4
PE8,Università degli Studi di CATANIA,02772010878,Università Telematica PEGASO,05411471211,1,14,0.07142857142857142,2026PWTWM5
PE8,Università degli Studi di CATANIA,02772010878,Università della CALABRIA,80003950781,1,14,0.07142857142857142,2026PWTWM5
PE8,Università degli Studi di CATANIA,02772010878,Università degli Studi di SALERNO,80018670655,1,14,0.07142857142857142,2026PWTWM5
PE8,Università degli Studi di CATANIA,02772010878,Università degli Studi di CASSINO e del LAZIO MERIDIONALE,81006500607,1,14,0.07142857142857142,2026PWTWM5
PE8,Università degli Studi ROMA TRE,04400441004,Università della CALABRIA,80003950781,1,14,0.07142857142857142,2026PP584L
PE8,Università degli Studi ROMA TRE,04400441004,Università degli Studi di PALERMO,80023730825,1,14,0.07142857142857142,2026PP584L
PE8,Università degli Studi ROMA TRE,04400441004,"Università degli Studi di ROMA ""La Sapienza""",80209930587,1,14,0.07142857142857142,2026PP584L
PE8,Università Telematica PEGASO,05411471211,Università della CALABRIA,80003950781,1,14,0.07142857142857142,2026PWTWM5
PE8,Università Telematica PEGASO,05411471211,Università degli Studi del MOLISE,92008370709,1,14,0.07142857142857142,2026PT4LAW
PE8,UNICUSANO Università degli Studi Niccolò Cusano -Telematica Roma,09073721004,"Università degli Studi di NAPOLI ""Parthenope""",80018240632,1,14,0.07142857142857142,2026PPCYZY
PE8,UNICUSANO Università degli Studi Niccolò Cusano -Telematica Roma,09073721004,Università degli Studi di SALERNO,80018670655,1,14,0.07142857142857142,2026PPCYZY
PE8,UNICUSANO Università degli Studi Niccolò Cusano -Telematica Roma,09073721004,Università degli Studi della TUSCIA,80029030568,1,14,0.07142857142857142,2026PPCYZY
PE8,UNICUSANO Università degli Studi Niccolò Cusano -Telematica Roma,09073721004,Consiglio Nazionale delle Ricerche,80054330586,1,14,0.07142857142857142,2026PPCYZY
PE8,UNICUSANO Università degli Studi Niccolò Cusano -Telematica Roma,09073721004,"Università degli Studi di ROMA ""Tor Vergata""",80213750583,1,14,0.07142857142857142,2026PPCYZY
PE8,Università per Stranieri di PERUGIA,80002630541,Università degli Studi di PAVIA,80007270186,1,14,0.07142857142857142,2026PF7RZ7
PE8,Università di PISA,80003670504,Alma Mater Studiorum - Università di BOLOGNA,80007010376,1,14,0.07142857142857142,2026P5WRZ8
PE8,Università di PISA,80003670504,Università IUAV di VENEZIA,80009280274,1,14,0.07142857142857142,2026P5WRZ8
PE8,Università di PISA,80003670504,Università degli Studi di SALERNO,80018670655,1,14,0.07142857142857142,2026P5WRZ8
PE8,Università di PISA,80003670504,"Università degli Studi di ROMA ""Tor Vergata""",80213750583,1,14,0.07142857142857142,2026P5WRZ8
PE8,Università della CALABRIA,80003950781,Alma Mater Studiorum - Università di BOLOGNA,80007010376,1,14,0.07142857142857142,2026PMAYZE
PE8,Università della CALABRIA,80003950781,Università degli Studi di SALERNO,80018670655,1,14,0.07142857142857142,2026PWTWM5
PE8,Università della CALABRIA,80003950781,Università degli Studi di PALERMO,80023730825,1,14,0.07142857142857142,2026PP584L
PE8,Università della CALABRIA,80003950781,Consiglio Nazionale delle Ricerche,80054330586,1,14,0.07142857142857142,2026PMAYZE
PE8,Università della CALABRIA,80003950781,Politecnico di MILANO,80057930150,1,14,0.07142857142857142,2026PMAYZE
PE8,Università della CALABRIA,80003950781,"Università degli Studi di ROMA ""La Sapienza""",80209930587,1,14,0.07142857142857142,2026PP584L
PE8,Università della CALABRIA,80003950781,Università degli Studi di CASSINO e del LAZIO MERIDIONALE,81006500607,1,14,0.07142857142857142,2026PWTWM5
PE8,Università degli Studi di MESSINA,80004070837,Università degli Studi di PADOVA,80006480281,1,14,0.07142857142857142,2026PSLPF4
PE8,Università degli Studi di MESSINA,80004070837,Consiglio Nazionale delle Ricerche,80054330586,1,14,0.07142857142857142,2026PSLPF4
PE8,Università degli Studi di MESSINA,80004070837,Politecnico di MILANO,80057930150,1,14,0.07142857142857142,2026PSLPF4
PE8,Università degli Studi di PADOVA,80006480281,Alma Mater Studiorum - Università di BOLOGNA,80007010376,1,14,0.07142857142857142,2026PKHJA4
PE8,Università degli Studi di PADOVA,80006480281,Università degli Studi di PAVIA,80007270186,1,14,0.07142857142857142,2026PKHJA4
PE8,Università degli Studi di PADOVA,80006480281,Consiglio Nazionale delle Ricerche,80054330586,1,14,0.07142857142857142,2026PSLPF4
PE8,Alma Mater Studiorum - Università di BOLOGNA,80007010376,Università degli Studi di PAVIA,80007270186,1,14,0.07142857142857142,2026PKHJA4
PE8,Alma Mater Studiorum - Università di BOLOGNA,80007010376,Università IUAV di VENEZIA,80009280274,1,14,0.07142857142857142,2026P5WRZ8
PE8,Alma Mater Studiorum - Università di BOLOGNA,80007010376,Università degli Studi di SALERNO,80018670655,1,14,0.07142857142857142,2026P5WRZ8
PE8,Alma Mater Studiorum - Università di BOLOGNA,80007010376,Consiglio Nazionale delle Ricerche,80054330586,1,14,0.07142857142857142,2026PMAYZE
PE8,Alma Mater Studiorum - Università di BOLOGNA,80007010376,"Università degli Studi di ROMA ""Tor Vergata""",80213750583,1,14,0.07142857142857142,2026P5WRZ8
PE8,Università degli Studi di PAVIA,80007270186,Politecnico di MILANO,80057930150,1,14,0.07142857142857142,2026PKHJA4
PE8,Università IUAV di VENEZIA,80009280274,Università degli Studi di SALERNO,80018670655,1,14,0.07142857142857142,2026P5WRZ8
PE8,Università IUAV di VENEZIA,80009280274,"Università degli Studi di ROMA ""Tor Vergata""",80213750583,1,14,0.07142857142857142,2026P5WRZ8
PE8,Università degli Studi di UDINE,80014550307,Consiglio Nazionale delle Ricerche,80054330586,1,14,0.07142857142857142,2026P7C5HF
PE8,Università degli Studi di UDINE,80014550307,"Università degli Studi di ROMA ""La Sapienza""",80209930587,1,14,0.07142857142857142,2026P7C5HF
PE8,Università degli Studi di UDINE,80014550307,Istituto Nazionale di Fisica Nucleare,84001850589,1,14,0.07142857142857142,2026P7C5HF
PE8,"Università degli Studi di NAPOLI ""Parthenope""",80018240632,Università degli Studi di SALERNO,80018670655,1,14,0.07142857142857142,2026PPCYZY
PE8,"Università degli Studi di NAPOLI ""Parthenope""",80018240632,Università degli Studi della TUSCIA,80029030568,1,14,0.07142857142857142,2026PPCYZY
PE8,"Università degli Studi di NAPOLI ""Parthenope""",80018240632,Politecnico di MILANO,80057930150,1,14,0.07142857142857142,2026PWELAN
PE8,"Università degli Studi di NAPOLI ""Parthenope""",80018240632,"Università degli Studi di ROMA ""Tor Vergata""",80213750583,1,14,0.07142857142857142,2026PPCYZY
PE8,"Università degli Studi di NAPOLI ""Parthenope""",80018240632,Politecnico di BARI,93051590722,1,14,0.07142857142857142,2026PWELAN
PE8,Università degli Studi di SALERNO,80018670655,Università degli Studi della TUSCIA,80029030568,1,14,0.07142857142857142,2026PPCYZY
PE8,Università degli Studi di SALERNO,80018670655,Consiglio Nazionale delle Ricerche,80054330586,1,14,0.07142857142857142,2026PPCYZY
PE8,Università degli Studi di SALERNO,80018670655,Università degli Studi del MOLISE,92008370709,1,14,0.07142857142857142,2026PT4LAW
PE8,Università degli Studi di PALERMO,80023730825,"Università degli Studi di ROMA ""La Sapienza""",80209930587,1,14,0.07142857142857142,2026PP584L
PE8,Università degli Studi della TUSCIA,80029030568,Consiglio Nazionale delle Ricerche,80054330586,1,14,0.07142857142857142,2026PPCYZY
PE8,Università degli Studi della TUSCIA,80029030568,"Università degli Studi di ROMA ""Tor Vergata""",80213750583,1,14,0.07142857142857142,2026PPCYZY
PE8,Consiglio Nazionale delle Ricerche,80054330586,"Università degli Studi di ROMA ""La Sapienza""",80209930587,1,14,0.07142857142857142,2026P7C5HF
PE8,Consiglio Nazionale delle Ricerche,80054330586,"Università degli Studi di ROMA ""Tor Vergata""",80213750583,1,14,0.07142857142857142,2026PPCYZY
PE8,Consiglio Nazionale delle Ricerche,80054330586,Istituto Nazionale di Fisica Nucleare,84001850589,1,14,0.07142857142857142,2026P7C5HF
PE8,Consiglio Nazionale delle Ricerche,80054330586,Politecnico di BARI,93051590722,1,14,0.07142857142857142,2026PWELAN
PE8,Politecnico di MILANO,80057930150,"Università degli Studi di ROMA ""La Sapienza""",80209930587,1,14,0.07142857142857142,2026PPLHWR
PE8,"Università degli Studi di ROMA ""La Sapienza""",80209930587,Istituto Nazionale di Fisica Nucleare,84001850589,1,14,0.07142857142857142,2026P7C5HF
PE8,"Università degli Studi di ROMA ""La Sapienza""",80209930587,Politecnico di BARI,93051590722,1,14,0.07142857142857142,2026PPLHWR
PE8,Università degli Studi di CASSINO e del LAZIO MERIDIONALE,81006500607,Università degli Studi del MOLISE,92008370709,1,14,0.07142857142857142,2026PT4LAW
PE9,Gran Sasso Science Institute - Scuola di dottorato internazionale,01984560662,Istituto Nazionale di Astrofisica,97220210583,2,4,0.5,2026P59TTH; 2026P7JKEP
PE9,Scuola Internazionale Superiore di Studi Avanzati di TRIESTE,80035060328,Istituto Nazionale di Astrofisica,97220210583,2,4,0.5,2026P7JKEP; 2026PWYR42
PE9,Università degli Studi di GENOVA,00754150100,Università degli Studi di MILANO,80012650158,1,4,0.25,2026PWYR42
PE9,Università degli Studi di GENOVA,00754150100,Università degli Studi di TRIESTE,80013890324,1,4,0.25,2026PWYR42
PE9,Università degli Studi di GENOVA,00754150100,Scuola Internazionale Superiore di Studi Avanzati di TRIESTE,80035060328,1,4,0.25,2026PWYR42
PE9,Università degli Studi di GENOVA,00754150100,Università degli Studi di TORINO,80088230018,1,4,0.25,2026PWYR42
PE9,Università degli Studi di GENOVA,00754150100,Istituto Nazionale di Astrofisica,97220210583,1,4,0.25,2026PWYR42
PE9,Gran Sasso Science Institute - Scuola di dottorato internazionale,01984560662,Università di PISA,80003670504,1,4,0.25,2026P59TTH
PE9,Gran Sasso Science Institute - Scuola di dottorato internazionale,01984560662,Scuola Internazionale Superiore di Studi Avanzati di TRIESTE,80035060328,1,4,0.25,2026P7JKEP
PE9,Gran Sasso Science Institute - Scuola di dottorato internazionale,01984560662,"Università degli Studi di ROMA ""La Sapienza""",80209930587,1,4,0.25,2026P7JKEP
PE9,Gran Sasso Science Institute - Scuola di dottorato internazionale,01984560662,Istituto Nazionale di Fisica Nucleare,84001850589,1,4,0.25,2026P59TTH
PE9,Università di PISA,80003670504,Istituto Nazionale di Fisica Nucleare,84001850589,1,4,0.25,2026P59TTH
PE9,Università di PISA,80003670504,Istituto Nazionale di Astrofisica,97220210583,1,4,0.25,2026P59TTH
PE9,Università degli Studi di PADOVA,80006480281,Alma Mater Studiorum - Università di BOLOGNA,80007010376,1,4,0.25,2026PZ8WMF
PE9,Università degli Studi di PADOVA,80006480281,Università degli Studi di CAGLIARI,80019600925,1,4,0.25,2026PZ8WMF
PE9,Università degli Studi di PADOVA,80006480281,Politecnico di MILANO,80057930150,1,4,0.25,2026PZ8WMF
PE9,Università degli Studi di PADOVA,80006480281,Istituto Nazionale di Astrofisica,97220210583,1,4,0.25,2026PZ8WMF
PE9,Alma Mater Studiorum - Università di BOLOGNA,80007010376,Università degli Studi di CAGLIARI,80019600925,1,4,0.25,2026PZ8WMF
PE9,Alma Mater Studiorum - Università di BOLOGNA,80007010376,Politecnico di MILANO,80057930150,1,4,0.25,2026PZ8WMF
PE9,Alma Mater Studiorum - Università di BOLOGNA,80007010376,Istituto Nazionale di Astrofisica,97220210583,1,4,0.25,2026PZ8WMF
PE9,Università degli Studi di MILANO,80012650158,Università degli Studi di TRIESTE,80013890324,1,4,0.25,2026PWYR42
PE9,Università degli Studi di MILANO,80012650158,Scuola Internazionale Superiore di Studi Avanzati di TRIESTE,80035060328,1,4,0.25,2026PWYR42
PE9,Università degli Studi di MILANO,80012650158,Università degli Studi di TORINO,80088230018,1,4,0.25,2026PWYR42
PE9,Università degli Studi di MILANO,80012650158,Istituto Nazionale di Astrofisica,97220210583,1,4,0.25,2026PWYR42
PE9,Università degli Studi di TRIESTE,80013890324,Scuola Internazionale Superiore di Studi Avanzati di TRIESTE,80035060328,1,4,0.25,2026PWYR42
PE9,Università degli Studi di TRIESTE,80013890324,Università degli Studi di TORINO,80088230018,1,4,0.25,2026PWYR42
PE9,Università degli Studi di TRIESTE,80013890324,Istituto Nazionale di Astrofisica,97220210583,1,4,0.25,2026PWYR42
PE9,Università degli Studi di CAGLIARI,80019600925,Politecnico di MILANO,80057930150,1,4,0.25,2026PZ8WMF
PE9,Università degli Studi di CAGLIARI,80019600925,Istituto Nazionale di Astrofisica,97220210583,1,4,0.25,2026PZ8WMF
PE9,Scuola Internazionale Superiore di Studi Avanzati di TRIESTE,80035060328,Università degli Studi di TORINO,80088230018,1,4,0.25,2026PWYR42
PE9,Scuola Internazionale Superiore di Studi Avanzati di TRIESTE,80035060328,"Università degli Studi di ROMA ""La Sapienza""",80209930587,1,4,0.25,2026P7JKEP
PE9,Politecnico di MILANO,80057930150,Istituto Nazionale di Astrofisica,97220210583,1,4,0.25,2026PZ8WMF
PE9,Università degli Studi di TORINO,80088230018,Istituto Nazionale di Astrofisica,97220210583,1,4,0.25,2026PWYR42
PE9,"Università degli Studi di ROMA ""La Sapienza""",80209930587,Istituto Nazionale di Astrofisica,97220210583,1,4,0.25,2026P7JKEP
PE9,Istituto Nazionale di Fisica Nucleare,84001850589,Istituto Nazionale di Astrofisica,97220210583,1,4,0.25,2026P59TTH
PE10,Politecnico di TORINO,00518460019,Consiglio Nazionale delle Ricerche,80054330586,3,9,0.3333333333333333,2026PB3CXT; 2026PPRH89; 2026PYRZ2L
PE10,Istituto Nazionale Geofisica e Vulcanologia,06838821004,Università degli Studi di PADOVA,80006480281,3,9,0.3333333333333333,2026P8B3F3; 2026PB3CXT; 2026PYRZ2L
PE10,Politecnico di TORINO,00518460019,Istituto Nazionale Geofisica e Vulcanologia,06838821004,2,9,0.2222222222222222,2026PB3CXT; 2026PYRZ2L
PE10,Politecnico di TORINO,00518460019,Università degli Studi di PADOVA,80006480281,2,9,0.2222222222222222,2026PB3CXT; 2026PYRZ2L
PE10,Istituto Nazionale Geofisica e Vulcanologia,06838821004,Consiglio Nazionale delle Ricerche,80054330586,2,9,0.2222222222222222,2026PB3CXT; 2026PYRZ2L
PE10,Università degli Studi di MILANO-BICOCCA,12621570154,Consiglio Nazionale delle Ricerche,80054330586,2,9,0.2222222222222222,2026PLXLAZ; 2026PPRH89
PE10,Università degli Studi di MILANO-BICOCCA,12621570154,Università degli Studi di TORINO,80088230018,2,9,0.2222222222222222,2026P59J42; 2026P8B3F3
PE10,Università di PISA,80003670504,Università degli Studi di TORINO,80088230018,2,9,0.2222222222222222,2026P35NEJ; 2026P59J42
PE10,Università degli Studi di PADOVA,80006480281,Consiglio Nazionale delle Ricerche,80054330586,2,9,0.2222222222222222,2026PB3CXT; 2026PYRZ2L
PE10,Alma Mater Studiorum - Università di BOLOGNA,80007010376,Consiglio Nazionale delle Ricerche,80054330586,2,9,0.2222222222222222,2026P43HCN; 2026PYRZ2L
PE10,Istituto Nazionale di Oceanografia e di Geofisica Sperimentale,00055590327,Politecnico di TORINO,00518460019,1,9,0.1111111111111111,2026PPRH89
PE10,Istituto Nazionale di Oceanografia e di Geofisica Sperimentale,00055590327,Università degli Studi di GENOVA,00754150100,1,9,0.1111111111111111,2026PRT73L
PE10,Istituto Nazionale di Oceanografia e di Geofisica Sperimentale,00055590327,Università degli Studi di MILANO-BICOCCA,12621570154,1,9,0.1111111111111111,2026PPRH89
PE10,Istituto Nazionale di Oceanografia e di Geofisica Sperimentale,00055590327,Università degli Studi di MESSINA,80004070837,1,9,0.1111111111111111,2026PRT73L
PE10,Istituto Nazionale di Oceanografia e di Geofisica Sperimentale,00055590327,"Università degli Studi di NAPOLI ""Parthenope""",80018240632,1,9,0.1111111111111111,2026PRT73L
PE10,Istituto Nazionale di Oceanografia e di Geofisica Sperimentale,00055590327,Consiglio Nazionale delle Ricerche,80054330586,1,9,0.1111111111111111,2026PPRH89
PE10,Università degli Studi di TRENTO,00340520220,Università degli Studi di MILANO-BICOCCA,12621570154,1,9,0.1111111111111111,2026PLXLAZ
PE10,Università degli Studi di TRENTO,00340520220,Università degli Studi di MILANO,80012650158,1,9,0.1111111111111111,2026PLXLAZ
PE10,Università degli Studi di TRENTO,00340520220,Consiglio Nazionale delle Ricerche,80054330586,1,9,0.1111111111111111,2026PLXLAZ
PE10,Università degli Studi di MODENA e REGGIO EMILIA,00427620364,Università degli Studi di GENOVA,00754150100,1,9,0.1111111111111111,2026P35NEJ
PE10,Università degli Studi di MODENA e REGGIO EMILIA,00427620364,Università di PISA,80003670504,1,9,0.1111111111111111,2026P35NEJ
PE10,Università degli Studi di MODENA e REGGIO EMILIA,00427620364,Consiglio Nazionale delle Ricerche,80054330586,1,9,0.1111111111111111,2026P35NEJ
PE10,Università degli Studi di MODENA e REGGIO EMILIA,00427620364,Università degli Studi di TORINO,80088230018,1,9,0.1111111111111111,2026P35NEJ
PE10,Politecnico di TORINO,00518460019,Università degli Studi di FIRENZE,01279680480,1,9,0.1111111111111111,2026PYRZ2L
PE10,Politecnico di TORINO,00518460019,Università degli Studi di MILANO-BICOCCA,12621570154,1,9,0.1111111111111111,2026PPRH89
PE10,Politecnico di TORINO,00518460019,Alma Mater Studiorum - Università di BOLOGNA,80007010376,1,9,0.1111111111111111,2026PYRZ2L
PE10,Politecnico di TORINO,00518460019,Università degli Studi di Urbino Carlo Bo,82002850418,1,9,0.1111111111111111,2026PB3CXT
PE10,Università degli Studi di GENOVA,00754150100,Università di PISA,80003670504,1,9,0.1111111111111111,2026P35NEJ
PE10,Università degli Studi di GENOVA,00754150100,Università degli Studi di MESSINA,80004070837,1,9,0.1111111111111111,2026PRT73L
PE10,Università degli Studi di GENOVA,00754150100,"Università degli Studi di NAPOLI ""Parthenope""",80018240632,1,9,0.1111111111111111,2026PRT73L
PE10,Università degli Studi di GENOVA,00754150100,Consiglio Nazionale delle Ricerche,80054330586,1,9,0.1111111111111111,2026P35NEJ
PE10,Università degli Studi di GENOVA,00754150100,Università degli Studi di TORINO,80088230018,1,9,0.1111111111111111,2026P35NEJ
PE10,Università degli Studi di Napoli Federico II,00876220633,Istituto Nazionale Geofisica e Vulcanologia,06838821004,1,9,0.1111111111111111,2026P8B3F3
PE10,Università degli Studi di Napoli Federico II,00876220633,Università degli Studi di MILANO-BICOCCA,12621570154,1,9,0.1111111111111111,2026P8B3F3
PE10,Università degli Studi di Napoli Federico II,00876220633,Università degli Studi di PADOVA,80006480281,1,9,0.1111111111111111,2026P8B3F3
PE10,Università degli Studi di Napoli Federico II,00876220633,Università degli Studi di TORINO,80088230018,1,9,0.1111111111111111,2026P8B3F3
PE10,Università degli Studi di FIRENZE,01279680480,Istituto Nazionale Geofisica e Vulcanologia,06838821004,1,9,0.1111111111111111,2026PYRZ2L
PE10,Università degli Studi di FIRENZE,01279680480,Università degli Studi di PADOVA,80006480281,1,9,0.1111111111111111,2026PYRZ2L
PE10,Università degli Studi di FIRENZE,01279680480,Alma Mater Studiorum - Università di BOLOGNA,80007010376,1,9,0.1111111111111111,2026PYRZ2L
PE10,Università degli Studi di FIRENZE,01279680480,Consiglio Nazionale delle Ricerche,80054330586,1,9,0.1111111111111111,2026PYRZ2L
PE10,Istituto Nazionale Geofisica e Vulcanologia,06838821004,Università degli Studi di MILANO-BICOCCA,12621570154,1,9,0.1111111111111111,2026P8B3F3
PE10,Istituto Nazionale Geofisica e Vulcanologia,06838821004,Alma Mater Studiorum - Università di BOLOGNA,80007010376,1,9,0.1111111111111111,2026PYRZ2L
PE10,Istituto Nazionale Geofisica e Vulcanologia,06838821004,Università degli Studi di TORINO,80088230018,1,9,0.1111111111111111,2026P8B3F3
PE10,Istituto Nazionale Geofisica e Vulcanologia,06838821004,Università degli Studi di Urbino Carlo Bo,82002850418,1,9,0.1111111111111111,2026PB3CXT
PE10,Università degli Studi di MILANO-BICOCCA,12621570154,Università di PISA,80003670504,1,9,0.1111111111111111,2026P59J42
PE10,Università degli Studi di MILANO-BICOCCA,12621570154,Università degli Studi di PADOVA,80006480281,1,9,0.1111111111111111,2026P8B3F3
PE10,Università degli Studi di MILANO-BICOCCA,12621570154,Università degli Studi di MILANO,80012650158,1,9,0.1111111111111111,2026PLXLAZ
PE10,Università degli Studi di MILANO-BICOCCA,12621570154,Università degli Studi di CAMERINO,81001910439,1,9,0.1111111111111111,2026P59J42
PE10,Università di PISA,80003670504,Consiglio Nazionale delle Ricerche,80054330586,1,9,0.1111111111111111,2026P35NEJ
PE10,Università di PISA,80003670504,Università degli Studi di CAMERINO,81001910439,1,9,0.1111111111111111,2026P59J42
PE10,Università degli Studi di MESSINA,80004070837,"Università degli Studi di NAPOLI ""Parthenope""",80018240632,1,9,0.1111111111111111,2026PRT73L
PE10,Università degli Studi di PADOVA,80006480281,Alma Mater Studiorum - Università di BOLOGNA,80007010376,1,9,0.1111111111111111,2026PYRZ2L
PE10,Università degli Studi di PADOVA,80006480281,Università degli Studi di TORINO,80088230018,1,9,0.1111111111111111,2026P8B3F3
PE10,Università degli Studi di PADOVA,80006480281,Università degli Studi di Urbino Carlo Bo,82002850418,1,9,0.1111111111111111,2026PB3CXT
PE10,Alma Mater Studiorum - Università di BOLOGNA,80007010376,Università degli Studi della TUSCIA,80029030568,1,9,0.1111111111111111,2026P43HCN
PE10,Alma Mater Studiorum - Università di BOLOGNA,80007010376,"Università degli Studi di ROMA ""La Sapienza""",80209930587,1,9,0.1111111111111111,2026P43HCN
PE10,Università degli Studi di MILANO,80012650158,Consiglio Nazionale delle Ricerche,80054330586,1,9,0.1111111111111111,2026PLXLAZ
PE10,Università degli Studi della TUSCIA,80029030568,Consiglio Nazionale delle Ricerche,80054330586,1,9,0.1111111111111111,2026P43HCN
PE10,Università degli Studi della TUSCIA,80029030568,"Università degli Studi di ROMA ""La Sapienza""",80209930587,1,9,0.1111111111111111,2026P43HCN
PE10,Consiglio Nazionale delle Ricerche,80054330586,Università degli Studi di TORINO,80088230018,1,9,0.1111111111111111,2026P35NEJ
PE10,Consiglio Nazionale delle Ricerche,80054330586,"Università degli Studi di ROMA ""La Sapienza""",80209930587,1,9,0.1111111111111111,2026P43HCN
PE10,Consiglio Nazionale delle Ricerche,80054330586,Università degli Studi di Urbino Carlo Bo,82002850418,1,9,0.1111111111111111,2026PB3CXT
PE10,Università degli Studi di TORINO,80088230018,Università degli Studi di CAMERINO,81001910439,1,9,0.1111111111111111,2026P59J42
PE11,Consiglio Nazionale delle Ricerche,80054330586,"Università degli Studi di ROMA ""La Sapienza""",80209930587,3,6,0.5,2026P9XJJS; 2026PC7X2J; 2026PSJ7S2
PE11,Politecnico di TORINO,00518460019,Consiglio Nazionale delle Ricerche,80054330586,2,6,0.3333333333333333,2026P9XJJS; 2026PBZJ8K
PE11,Politecnico di TORINO,00518460019,"Università degli Studi di ROMA ""La Sapienza""",80209930587,2,6,0.3333333333333333,2026P9XJJS; 2026PM5L5M
PE11,"Università degli Studi di ROMA ""La Sapienza""",80209930587,Università degli Studi di CAMERINO,81001910439,2,6,0.3333333333333333,2026PM5L5M; 2026PSJ7S2
PE11,Università degli Studi di SASSARI,00196350904,Università degli Studi di PARMA,00308780345,1,6,0.16666666666666666,2026P9XJJS
PE11,Università degli Studi di SASSARI,00196350904,Politecnico di TORINO,00518460019,1,6,0.16666666666666666,2026P9XJJS
PE11,Università degli Studi di SASSARI,00196350904,Consiglio Nazionale delle Ricerche,80054330586,1,6,0.16666666666666666,2026P9XJJS
PE11,Università degli Studi di SASSARI,00196350904,"Università degli Studi di ROMA ""La Sapienza""",80209930587,1,6,0.16666666666666666,2026P9XJJS
PE11,Università degli Studi di PARMA,00308780345,Politecnico di TORINO,00518460019,1,6,0.16666666666666666,2026P9XJJS
PE11,Università degli Studi di PARMA,00308780345,Consiglio Nazionale delle Ricerche,80054330586,1,6,0.16666666666666666,2026P9XJJS
PE11,Università degli Studi di PARMA,00308780345,"Università degli Studi di ROMA ""La Sapienza""",80209930587,1,6,0.16666666666666666,2026P9XJJS
PE11,Politecnico di TORINO,00518460019,Università degli Studi di GENOVA,00754150100,1,6,0.16666666666666666,2026PNJX94
PE11,Politecnico di TORINO,00518460019,Università Cattolica del Sacro Cuore,02133120150,1,6,0.16666666666666666,2026PNJX94
PE11,Politecnico di TORINO,00518460019,Università degli Studi di MILANO,80012650158,1,6,0.16666666666666666,2026PBZJ8K
PE11,Politecnico di TORINO,00518460019,"Università degli Studi di NAPOLI ""Parthenope""",80018240632,1,6,0.16666666666666666,2026PM5L5M
PE11,Politecnico di TORINO,00518460019,Università degli Studi di PALERMO,80023730825,1,6,0.16666666666666666,2026PNJX94
PE11,Politecnico di TORINO,00518460019,"Università degli Studi di ROMA ""Tor Vergata""",80213750583,1,6,0.16666666666666666,2026PBZJ8K
PE11,Politecnico di TORINO,00518460019,Università degli Studi di CAMERINO,81001910439,1,6,0.16666666666666666,2026PM5L5M
PE11,Politecnico di TORINO,00518460019,Istituto Nazionale di Fisica Nucleare,84001850589,1,6,0.16666666666666666,2026PM5L5M
PE11,Politecnico di TORINO,00518460019,"Università Telematica ""E-CAMPUS""",90027520130,1,6,0.16666666666666666,2026PM5L5M
PE11,Politecnico di TORINO,00518460019,Università degli Studi del PIEMONTE ORIENTALE,94021400026,1,6,0.16666666666666666,2026PBZJ8K
PE11,Politecnico di TORINO,00518460019,Università degli Studi della BASILICATA,96003410766,1,6,0.16666666666666666,2026PBZJ8K
PE11,Università degli Studi di GENOVA,00754150100,Università Cattolica del Sacro Cuore,02133120150,1,6,0.16666666666666666,2026PNJX94
PE11,Università degli Studi di GENOVA,00754150100,Università degli Studi di PALERMO,80023730825,1,6,0.16666666666666666,2026PNJX94
PE11,Università degli Studi di Napoli Federico II,00876220633,Università degli Studi di CATANIA,02772010878,1,6,0.16666666666666666,2026PSJ7S2
PE11,Università degli Studi di Napoli Federico II,00876220633,Università degli Studi di PALERMO,80023730825,1,6,0.16666666666666666,2026PSJ7S2
PE11,Università degli Studi di Napoli Federico II,00876220633,Consiglio Nazionale delle Ricerche,80054330586,1,6,0.16666666666666666,2026PSJ7S2
PE11,Università degli Studi di Napoli Federico II,00876220633,"Università degli Studi di ROMA ""La Sapienza""",80209930587,1,6,0.16666666666666666,2026PSJ7S2
PE11,Università degli Studi di Napoli Federico II,00876220633,Università degli Studi di CAMERINO,81001910439,1,6,0.16666666666666666,2026PSJ7S2
PE11,Università Cattolica del Sacro Cuore,02133120150,Università degli Studi di PALERMO,80023730825,1,6,0.16666666666666666,2026PNJX94
PE11,Università degli Studi di CATANIA,02772010878,Università degli Studi di PALERMO,80023730825,1,6,0.16666666666666666,2026PSJ7S2
PE11,Università degli Studi di CATANIA,02772010878,Consiglio Nazionale delle Ricerche,80054330586,1,6,0.16666666666666666,2026PSJ7S2
PE11,Università degli Studi di CATANIA,02772010878,"Università degli Studi di ROMA ""La Sapienza""",80209930587,1,6,0.16666666666666666,2026PSJ7S2
PE11,Università degli Studi di CATANIA,02772010878,Università degli Studi di CAMERINO,81001910439,1,6,0.16666666666666666,2026PSJ7S2
PE11,Università di PISA,80003670504,Università degli Studi di PADOVA,80006480281,1,6,0.16666666666666666,2026PC7X2J
PE11,Università di PISA,80003670504,Consiglio Nazionale delle Ricerche,80054330586,1,6,0.16666666666666666,2026PC7X2J
PE11,Università di PISA,80003670504,Politecnico di MILANO,80057930150,1,6,0.16666666666666666,2026PC7X2J
PE11,Università di PISA,80003670504,"Università degli Studi di ROMA ""La Sapienza""",80209930587,1,6,0.16666666666666666,2026PC7X2J
PE11,Università degli Studi di PADOVA,80006480281,Consiglio Nazionale delle Ricerche,80054330586,1,6,0.16666666666666666,2026PC7X2J
PE11,Università degli Studi di PADOVA,80006480281,Politecnico di MILANO,80057930150,1,6,0.16666666666666666,2026PC7X2J
PE11,Università degli Studi di PADOVA,80006480281,"Università degli Studi di ROMA ""La Sapienza""",80209930587,1,6,0.16666666666666666,2026PC7X2J
PE11,Università degli Studi di MILANO,80012650158,Consiglio Nazionale delle Ricerche,80054330586,1,6,0.16666666666666666,2026PBZJ8K
PE11,Università degli Studi di MILANO,80012650158,"Università degli Studi di ROMA ""Tor Vergata""",80213750583,1,6,0.16666666666666666,2026PBZJ8K
PE11,Università degli Studi di MILANO,80012650158,Università degli Studi del PIEMONTE ORIENTALE,94021400026,1,6,0.16666666666666666,2026PBZJ8K
PE11,Università degli Studi di MILANO,80012650158,Università degli Studi della BASILICATA,96003410766,1,6,0.16666666666666666,2026PBZJ8K
PE11,"Università degli Studi di NAPOLI ""Parthenope""",80018240632,"Università degli Studi di ROMA ""La Sapienza""",80209930587,1,6,0.16666666666666666,2026PM5L5M
PE11,"Università degli Studi di NAPOLI ""Parthenope""",80018240632,Università degli Studi di CAMERINO,81001910439,1,6,0.16666666666666666,2026PM5L5M
PE11,"Università degli Studi di NAPOLI ""Parthenope""",80018240632,Istituto Nazionale di Fisica Nucleare,84001850589,1,6,0.16666666666666666,2026PM5L5M
PE11,"Università degli Studi di NAPOLI ""Parthenope""",80018240632,"Università Telematica ""E-CAMPUS""",90027520130,1,6,0.16666666666666666,2026PM5L5M
PE11,Università degli Studi di PALERMO,80023730825,Consiglio Nazionale delle Ricerche,80054330586,1,6,0.16666666666666666,2026PSJ7S2
PE11,Università degli Studi di PALERMO,80023730825,"Università degli Studi di ROMA ""La Sapienza""",80209930587,1,6,0.16666666666666666,2026PSJ7S2
PE11,Università degli Studi di PALERMO,80023730825,Università degli Studi di CAMERINO,81001910439,1,6,0.16666666666666666,2026PSJ7S2
PE11,Consiglio Nazionale delle Ricerche,80054330586,Politecnico di MILANO,80057930150,1,6,0.16666666666666666,2026PC7X2J
PE11,Consiglio Nazionale delle Ricerche,80054330586,"Università degli Studi di ROMA ""Tor Vergata""",80213750583,1,6,0.16666666666666666,2026PBZJ8K
PE11,Consiglio Nazionale delle Ricerche,80054330586,Università degli Studi di CAMERINO,81001910439,1,6,0.16666666666666666,2026PSJ7S2
PE11,Consiglio Nazionale delle Ricerche,80054330586,Università degli Studi del PIEMONTE ORIENTALE,94021400026,1,6,0.16666666666666666,2026PBZJ8K
PE11,Consiglio Nazionale delle Ricerche,80054330586,Università degli Studi della BASILICATA,96003410766,1,6,0.16666666666666666,2026PBZJ8K
PE11,Politecnico di MILANO,80057930150,"Università degli Studi di ROMA ""La Sapienza""",80209930587,1,6,0.16666666666666666,2026PC7X2J
PE11,"Università degli Studi di ROMA ""La Sapienza""",80209930587,Istituto Nazionale di Fisica Nucleare,84001850589,1,6,0.16666666666666666,2026PM5L5M
PE11,"Università degli Studi di ROMA ""La Sapienza""",80209930587,"Università Telematica ""E-CAMPUS""",90027520130,1,6,0.16666666666666666,2026PM5L5M
PE11,"Università degli Studi di ROMA ""Tor Vergata""",80213750583,Università degli Studi del PIEMONTE ORIENTALE,94021400026,1,6,0.16666666666666666,2026PBZJ8K
PE11,"Università degli Studi di ROMA ""Tor Vergata""",80213750583,Università degli Studi della BASILICATA,96003410766,1,6,0.16666666666666666,2026PBZJ8K
PE11,Università degli Studi di CAMERINO,81001910439,Istituto Nazionale di Fisica Nucleare,84001850589,1,6,0.16666666666666666,2026PM5L5M
PE11,Università degli Studi di CAMERINO,81001910439,"Università Telematica ""E-CAMPUS""",90027520130,1,6,0.16666666666666666,2026PM5L5M
PE11,Istituto Nazionale di Fisica Nucleare,84001850589,"Università Telematica ""E-CAMPUS""",90027520130,1,6,0.16666666666666666,2026PM5L5M
PE11,Università degli Studi del PIEMONTE ORIENTALE,94021400026,Università degli Studi della BASILICATA,96003410766,1,6,0.16666666666666666,2026PBZJ8K
SH4,Università degli Studi di TRENTO,00340520220,Scuola IMT Alti Studi - LUCCA,92037570469,3,8,0.375,2026P93SNJ; 2026PE8RSJ; 2026PZ7AX7
SH4,Università degli Studi di MILANO-BICOCCA,12621570154,"Università degli Studi di ROMA ""La Sapienza""",80209930587,2,8,0.25,2026PBPH3Z; 2026PXNXPE
SH4,Università degli Studi di SALERNO,80018670655,"Università degli Studi di ROMA ""La Sapienza""",80209930587,2,8,0.25,2026PXNXPE; 2026PXWX5Z
SH4,"Università degli Studi di ROMA ""La Sapienza""",80209930587,"Università degli Studi di ROMA ""Tor Vergata""",80213750583,2,8,0.25,2026PBPH3Z; 2026PXWX5Z
SH4,Università degli Studi di PARMA,00308780345,Università degli Studi di MILANO-BICOCCA,12621570154,1,8,0.125,2026PXNXPE
SH4,Università degli Studi di PARMA,00308780345,Università degli Studi di SALERNO,80018670655,1,8,0.125,2026PXNXPE
SH4,Università degli Studi di PARMA,00308780345,"Università degli Studi di ROMA ""La Sapienza""",80209930587,1,8,0.125,2026PXNXPE
SH4,Università degli Studi di TRENTO,00340520220,Università degli Studi di MILANO-BICOCCA,12621570154,1,8,0.125,2026P93SNJ
SH4,Università degli Studi di TRENTO,00340520220,Università degli Studi di PADOVA,80006480281,1,8,0.125,2026PE8RSJ
SH4,Università degli Studi di TRENTO,00340520220,Alma Mater Studiorum - Università di BOLOGNA,80007010376,1,8,0.125,2026P93SNJ
SH4,Università degli Studi di TRENTO,00340520220,Università degli Studi di FERRARA,80007370382,1,8,0.125,2026PZ7AX7
SH4,Università degli Studi di TRENTO,00340520220,Università degli Studi di MILANO,80012650158,1,8,0.125,2026P93SNJ
SH4,Università degli Studi di TRENTO,00340520220,Università degli Studi di TRIESTE,80013890324,1,8,0.125,2026PEW38H
SH4,Università degli Studi di TRENTO,00340520220,Scuola Internazionale Superiore di Studi Avanzati di TRIESTE,80035060328,1,8,0.125,2026PE8RSJ
SH4,Università degli Studi di TRENTO,00340520220,Consiglio Nazionale delle Ricerche,80054330586,1,8,0.125,2026PEW38H
SH4,Università degli Studi di TRENTO,00340520220,"Università Telematica ""E-CAMPUS""",90027520130,1,8,0.125,2026PEW38H
SH4,Università degli Studi di TRENTO,00340520220,"Università degli Studi ""G. d'Annunzio"" CHIETI-PESCARA",93002750698,1,8,0.125,2026PEW38H
SH4,Università degli Studi di TRENTO,00340520220,Università degli Studi di VERONA,93009870234,1,8,0.125,2026PZ7AX7
SH4,Università degli Studi di MILANO-BICOCCA,12621570154,Università degli Studi di MESSINA,80004070837,1,8,0.125,2026PBPH3Z
SH4,Università degli Studi di MILANO-BICOCCA,12621570154,Alma Mater Studiorum - Università di BOLOGNA,80007010376,1,8,0.125,2026P93SNJ
SH4,Università degli Studi di MILANO-BICOCCA,12621570154,Università degli Studi di MILANO,80012650158,1,8,0.125,2026P93SNJ
SH4,Università degli Studi di MILANO-BICOCCA,12621570154,Università degli Studi di SALERNO,80018670655,1,8,0.125,2026PXNXPE
SH4,Università degli Studi di MILANO-BICOCCA,12621570154,Università degli Studi di TORINO,80088230018,1,8,0.125,2026PBPH3Z
SH4,Università degli Studi di MILANO-BICOCCA,12621570154,"Università degli Studi di ROMA ""Tor Vergata""",80213750583,1,8,0.125,2026PBPH3Z
SH4,Università degli Studi di MILANO-BICOCCA,12621570154,Scuola IMT Alti Studi - LUCCA,92037570469,1,8,0.125,2026P93SNJ
SH4,Università degli Studi di SIENA,80002070524,Università degli Studi di SALERNO,80018670655,1,8,0.125,2026PXWX5Z
SH4,Università degli Studi di SIENA,80002070524,Consiglio Nazionale delle Ricerche,80054330586,1,8,0.125,2026PXWX5Z
SH4,Università degli Studi di SIENA,80002070524,"Università degli Studi di ROMA ""La Sapienza""",80209930587,1,8,0.125,2026PXWX5Z
SH4,Università degli Studi di SIENA,80002070524,"Università degli Studi di ROMA ""Tor Vergata""",80213750583,1,8,0.125,2026PXWX5Z
SH4,Università degli Studi di MESSINA,80004070837,Università degli Studi di TORINO,80088230018,1,8,0.125,2026PBPH3Z
SH4,Università degli Studi di MESSINA,80004070837,"Università degli Studi di ROMA ""La Sapienza""",80209930587,1,8,0.125,2026PBPH3Z
SH4,Università degli Studi di MESSINA,80004070837,"Università degli Studi di ROMA ""Tor Vergata""",80213750583,1,8,0.125,2026PBPH3Z
SH4,Università degli Studi di PADOVA,80006480281,Scuola Internazionale Superiore di Studi Avanzati di TRIESTE,80035060328,1,8,0.125,2026PE8RSJ
SH4,Università degli Studi di PADOVA,80006480281,Scuola IMT Alti Studi - LUCCA,92037570469,1,8,0.125,2026PE8RSJ
SH4,Alma Mater Studiorum - Università di BOLOGNA,80007010376,Università degli Studi di MILANO,80012650158,1,8,0.125,2026P93SNJ
SH4,Alma Mater Studiorum - Università di BOLOGNA,80007010376,Consiglio Nazionale delle Ricerche,80054330586,1,8,0.125,2026PYP5C3
SH4,Alma Mater Studiorum - Università di BOLOGNA,80007010376,Università degli Studi di TORINO,80088230018,1,8,0.125,2026PYP5C3
SH4,Alma Mater Studiorum - Università di BOLOGNA,80007010376,Scuola IMT Alti Studi - LUCCA,92037570469,1,8,0.125,2026P93SNJ
SH4,Alma Mater Studiorum - Università di BOLOGNA,80007010376,Università degli Studi di VERONA,93009870234,1,8,0.125,2026PYP5C3
SH4,Università degli Studi di FERRARA,80007370382,Scuola IMT Alti Studi - LUCCA,92037570469,1,8,0.125,2026PZ7AX7
SH4,Università degli Studi di FERRARA,80007370382,Università degli Studi di VERONA,93009870234,1,8,0.125,2026PZ7AX7
SH4,Università degli Studi di MILANO,80012650158,Scuola IMT Alti Studi - LUCCA,92037570469,1,8,0.125,2026P93SNJ
SH4,Università degli Studi di TRIESTE,80013890324,Consiglio Nazionale delle Ricerche,80054330586,1,8,0.125,2026PEW38H
SH4,Università degli Studi di TRIESTE,80013890324,"Università Telematica ""E-CAMPUS""",90027520130,1,8,0.125,2026PEW38H
SH4,Università degli Studi di TRIESTE,80013890324,"Università degli Studi ""G. d'Annunzio"" CHIETI-PESCARA",93002750698,1,8,0.125,2026PEW38H
SH4,Università degli Studi di SALERNO,80018670655,Consiglio Nazionale delle Ricerche,80054330586,1,8,0.125,2026PXWX5Z
SH4,Università degli Studi di SALERNO,80018670655,"Università degli Studi di ROMA ""Tor Vergata""",80213750583,1,8,0.125,2026PXWX5Z
SH4,Scuola Internazionale Superiore di Studi Avanzati di TRIESTE,80035060328,Scuola IMT Alti Studi - LUCCA,92037570469,1,8,0.125,2026PE8RSJ
SH4,Consiglio Nazionale delle Ricerche,80054330586,Università degli Studi di TORINO,80088230018,1,8,0.125,2026PYP5C3
SH4,Consiglio Nazionale delle Ricerche,80054330586,"Università degli Studi di ROMA ""La Sapienza""",80209930587,1,8,0.125,2026PXWX5Z
SH4,Consiglio Nazionale delle Ricerche,80054330586,"Università degli Studi di ROMA ""Tor Vergata""",80213750583,1,8,0.125,2026PXWX5Z
SH4,Consiglio Nazionale delle Ricerche,80054330586,"Università Telematica ""E-CAMPUS""",90027520130,1,8,0.125,2026PEW38H
SH4,Consiglio Nazionale delle Ricerche,80054330586,"Università degli Studi ""G. d'Annunzio"" CHIETI-PESCARA",93002750698,1,8,0.125,2026PEW38H
SH4,Consiglio Nazionale delle Ricerche,80054330586,Università degli Studi di VERONA,93009870234,1,8,0.125,2026PYP5C3
SH4,Università degli Studi di TORINO,80088230018,"Università degli Studi di ROMA ""La Sapienza""",80209930587,1,8,0.125,2026PBPH3Z
SH4,Università degli Studi di TORINO,80088230018,"Università degli Studi di ROMA ""Tor Vergata""",80213750583,1,8,0.125,2026PBPH3Z
SH4,Università degli Studi di TORINO,80088230018,Università degli Studi di VERONA,93009870234,1,8,0.125,2026PYP5C3
SH4,"Università Telematica ""E-CAMPUS""",90027520130,"Università degli Studi ""G. d'Annunzio"" CHIETI-PESCARA",93002750698,1,8,0.125,2026PEW38H
SH4,Scuola IMT Alti Studi - LUCCA,92037570469,Università degli Studi di VERONA,93009870234,1,8,0.125,2026PZ7AX7
SH5,Università degli Studi di FIRENZE,01279680480,Alma Mater Studiorum - Università di BOLOGNA,80007010376,2,9,0.2222222222222222,2026P8W4MY; 2026PTH2J2
SH5,Università degli Studi di FIRENZE,01279680480,Università degli Studi di TORINO,80088230018,2,9,0.2222222222222222,2026P8W4MY; 2026PH9WNA
SH5,Università degli Studi di FIRENZE,01279680480,"Università degli Studi di ROMA ""La Sapienza""",80209930587,2,9,0.2222222222222222,2026P8783L; 2026PH9WNA
SH5,Università degli Studi ROMA TRE,04400441004,Università degli Studi di TORINO,80088230018,2,9,0.2222222222222222,2026P8W4MY; 2026PP99C8
SH5,Università degli Studi di BARI ALDO MORO,80002170720,Università degli Studi di MESSINA,80004070837,2,9,0.2222222222222222,2026PJX9M8; 2026PN4LPF
SH5,Università degli Studi di BARI ALDO MORO,80002170720,Università degli Studi di PADOVA,80006480281,2,9,0.2222222222222222,2026PJX9M8; 2026PN4LPF
SH5,Università degli Studi di BARI ALDO MORO,80002170720,Università degli Studi di PAVIA,80007270186,2,9,0.2222222222222222,2026P93X8R; 2026PN4LPF
SH5,Università degli Studi di MESSINA,80004070837,Università degli Studi di PADOVA,80006480281,2,9,0.2222222222222222,2026PJX9M8; 2026PN4LPF
SH5,Università degli Studi di MACERATA,00177050432,Università degli Studi di Napoli Federico II,00876220633,1,9,0.1111111111111111,2026PJX9M8
SH5,Università degli Studi di MACERATA,00177050432,Università degli Studi di BARI ALDO MORO,80002170720,1,9,0.1111111111111111,2026PJX9M8
SH5,Università degli Studi di MACERATA,00177050432,Università degli Studi di MESSINA,80004070837,1,9,0.1111111111111111,2026PJX9M8
SH5,Università degli Studi di MACERATA,00177050432,Università degli Studi di PADOVA,80006480281,1,9,0.1111111111111111,2026PJX9M8
SH5,Università degli Studi di MACERATA,00177050432,"Università degli Studi di ROMA ""La Sapienza""",80209930587,1,9,0.1111111111111111,2026PJX9M8
SH5,Università degli Studi di PARMA,00308780345,Università degli Studi di Napoli Federico II,00876220633,1,9,0.1111111111111111,2026P8W4MY
SH5,Università degli Studi di PARMA,00308780345,Università degli Studi di FIRENZE,01279680480,1,9,0.1111111111111111,2026P8W4MY
SH5,Università degli Studi di PARMA,00308780345,Università degli Studi ROMA TRE,04400441004,1,9,0.1111111111111111,2026P8W4MY
SH5,Università degli Studi di PARMA,00308780345,Alma Mater Studiorum - Università di BOLOGNA,80007010376,1,9,0.1111111111111111,2026P8W4MY
SH5,Università degli Studi di PARMA,00308780345,Università degli Studi di TORINO,80088230018,1,9,0.1111111111111111,2026P8W4MY
SH5,Università degli Studi di PERUGIA,00448820548,Università Cattolica del Sacro Cuore,02133120150,1,9,0.1111111111111111,2026PZXJPY
SH5,Università degli Studi di PERUGIA,00448820548,Università Telematica PEGASO,05411471211,1,9,0.1111111111111111,2026PZXJPY
SH5,Università degli Studi di PERUGIA,00448820548,Università degli Studi di SIENA,80002070524,1,9,0.1111111111111111,2026PZXJPY
SH5,Università degli Studi di PERUGIA,00448820548,Università degli Studi di FERRARA,80007370382,1,9,0.1111111111111111,2026PZXJPY
SH5,Università degli Studi di GENOVA,00754150100,Università degli Studi di FIRENZE,01279680480,1,9,0.1111111111111111,2026P8783L
SH5,Università degli Studi di GENOVA,00754150100,Università Cattolica del Sacro Cuore,02133120150,1,9,0.1111111111111111,2026P8783L
SH5,Università degli Studi di GENOVA,00754150100,Università degli Studi di SALERNO,80018670655,1,9,0.1111111111111111,2026P8783L
SH5,Università degli Studi di GENOVA,00754150100,"Università degli Studi di ROMA ""La Sapienza""",80209930587,1,9,0.1111111111111111,2026P8783L
SH5,Università degli Studi di Napoli Federico II,00876220633,Università degli Studi di FIRENZE,01279680480,1,9,0.1111111111111111,2026P8W4MY
SH5,Università degli Studi di Napoli Federico II,00876220633,Università degli Studi ROMA TRE,04400441004,1,9,0.1111111111111111,2026P8W4MY
SH5,Università degli Studi di Napoli Federico II,00876220633,Università degli Studi di BARI ALDO MORO,80002170720,1,9,0.1111111111111111,2026PJX9M8
SH5,Università degli Studi di Napoli Federico II,00876220633,Università degli Studi di MESSINA,80004070837,1,9,0.1111111111111111,2026PJX9M8
SH5,Università degli Studi di Napoli Federico II,00876220633,Università degli Studi di PADOVA,80006480281,1,9,0.1111111111111111,2026PJX9M8
SH5,Università degli Studi di Napoli Federico II,00876220633,Alma Mater Studiorum - Università di BOLOGNA,80007010376,1,9,0.1111111111111111,2026P8W4MY
SH5,Università degli Studi di Napoli Federico II,00876220633,Università degli Studi di TORINO,80088230018,1,9,0.1111111111111111,2026P8W4MY
SH5,Università degli Studi di Napoli Federico II,00876220633,"Università degli Studi di ROMA ""La Sapienza""",80209930587,1,9,0.1111111111111111,2026PJX9M8
SH5,Università degli Studi di FIRENZE,01279680480,Università Cattolica del Sacro Cuore,02133120150,1,9,0.1111111111111111,2026P8783L
SH5,Università degli Studi di FIRENZE,01279680480,Università degli Studi ROMA TRE,04400441004,1,9,0.1111111111111111,2026P8W4MY
SH5,Università degli Studi di FIRENZE,01279680480,Università degli Studi di SALERNO,80018670655,1,9,0.1111111111111111,2026P8783L
SH5,Università degli Studi di FIRENZE,01279680480,Consiglio Nazionale delle Ricerche,80054330586,1,9,0.1111111111111111,2026PH9WNA
SH5,Università degli Studi di FIRENZE,01279680480,I.U.S.S. - Istituto Universitario di Studi Superiori - PAVIA,96049740184,1,9,0.1111111111111111,2026PTH2J2
SH5,Università degli Studi di FIRENZE,01279680480,UNISR - Università Vita Salute San Raffaele,97187560152,1,9,0.1111111111111111,2026PTH2J2
SH5,Università degli Studi di FIRENZE,01279680480,Università Telematica San Raffaele Roma,97471900155,1,9,0.1111111111111111,2026PH9WNA
SH5,Università Cattolica del Sacro Cuore,02133120150,Università Telematica PEGASO,05411471211,1,9,0.1111111111111111,2026PZXJPY
SH5,Università Cattolica del Sacro Cuore,02133120150,Università degli Studi di SIENA,80002070524,1,9,0.1111111111111111,2026PZXJPY
SH5,Università Cattolica del Sacro Cuore,02133120150,Università degli Studi di FERRARA,80007370382,1,9,0.1111111111111111,2026PZXJPY
SH5,Università Cattolica del Sacro Cuore,02133120150,Università degli Studi di SALERNO,80018670655,1,9,0.1111111111111111,2026P8783L
SH5,Università Cattolica del Sacro Cuore,02133120150,"Università degli Studi di ROMA ""La Sapienza""",80209930587,1,9,0.1111111111111111,2026P8783L
SH5,Università degli Studi di CATANIA,02772010878,Università degli Studi di BARI ALDO MORO,80002170720,1,9,0.1111111111111111,2026PN4LPF
SH5,Università degli Studi di CATANIA,02772010878,Università degli Studi di MESSINA,80004070837,1,9,0.1111111111111111,2026PN4LPF
SH5,Università degli Studi di CATANIA,02772010878,Università degli Studi di PADOVA,80006480281,1,9,0.1111111111111111,2026PN4LPF
SH5,Università degli Studi di CATANIA,02772010878,Università degli Studi di PAVIA,80007270186,1,9,0.1111111111111111,2026PN4LPF
SH5,Università degli Studi di CATANIA,02772010878,Università del SALENTO,80008870752,1,9,0.1111111111111111,2026PN4LPF
SH5,Università degli Studi ROMA TRE,04400441004,UNICUSANO Università degli Studi Niccolò Cusano -Telematica Roma,09073721004,1,9,0.1111111111111111,2026PP99C8
SH5,Università degli Studi ROMA TRE,04400441004,Università degli Studi di MESSINA,80004070837,1,9,0.1111111111111111,2026PP99C8
SH5,Università degli Studi ROMA TRE,04400441004,Alma Mater Studiorum - Università di BOLOGNA,80007010376,1,9,0.1111111111111111,2026P8W4MY
SH5,Università degli Studi ROMA TRE,04400441004,Università degli Studi di PALERMO,80023730825,1,9,0.1111111111111111,2026PP99C8
SH5,Università Telematica PEGASO,05411471211,Università degli Studi di SIENA,80002070524,1,9,0.1111111111111111,2026PZXJPY
SH5,Università Telematica PEGASO,05411471211,Università degli Studi di FERRARA,80007370382,1,9,0.1111111111111111,2026PZXJPY
SH5,UNICUSANO Università degli Studi Niccolò Cusano -Telematica Roma,09073721004,Università degli Studi di MESSINA,80004070837,1,9,0.1111111111111111,2026PP99C8
SH5,UNICUSANO Università degli Studi Niccolò Cusano -Telematica Roma,09073721004,Università degli Studi di PALERMO,80023730825,1,9,0.1111111111111111,2026PP99C8
SH5,UNICUSANO Università degli Studi Niccolò Cusano -Telematica Roma,09073721004,Università degli Studi di TORINO,80088230018,1,9,0.1111111111111111,2026PP99C8
SH5,Università degli Studi di SIENA,80002070524,Università degli Studi di FERRARA,80007370382,1,9,0.1111111111111111,2026PZXJPY
SH5,Università degli Studi di BARI ALDO MORO,80002170720,Alma Mater Studiorum - Università di BOLOGNA,80007010376,1,9,0.1111111111111111,2026P93X8R
SH5,Università degli Studi di BARI ALDO MORO,80002170720,Università del SALENTO,80008870752,1,9,0.1111111111111111,2026PN4LPF
SH5,Università degli Studi di BARI ALDO MORO,80002170720,"Università degli Studi di ROMA ""La Sapienza""",80209930587,1,9,0.1111111111111111,2026PJX9M8
SH5,Università degli Studi di BARI ALDO MORO,80002170720,"Università Telematica ""E-CAMPUS""",90027520130,1,9,0.1111111111111111,2026P93X8R
SH5,Università degli Studi di BARI ALDO MORO,80002170720,Università degli Studi del PIEMONTE ORIENTALE,94021400026,1,9,0.1111111111111111,2026P93X8R
SH5,Università degli Studi di MESSINA,80004070837,Università degli Studi di PAVIA,80007270186,1,9,0.1111111111111111,2026PN4LPF
SH5,Università degli Studi di MESSINA,80004070837,Università del SALENTO,80008870752,1,9,0.1111111111111111,2026PN4LPF
SH5,Università degli Studi di MESSINA,80004070837,Università degli Studi di PALERMO,80023730825,1,9,0.1111111111111111,2026PP99C8
SH5,Università degli Studi di MESSINA,80004070837,Università degli Studi di TORINO,80088230018,1,9,0.1111111111111111,2026PP99C8
SH5,Università degli Studi di MESSINA,80004070837,"Università degli Studi di ROMA ""La Sapienza""",80209930587,1,9,0.1111111111111111,2026PJX9M8
SH5,Università degli Studi di PADOVA,80006480281,Università degli Studi di PAVIA,80007270186,1,9,0.1111111111111111,2026PN4LPF
SH5,Università degli Studi di PADOVA,80006480281,Università del SALENTO,80008870752,1,9,0.1111111111111111,2026PN4LPF
SH5,Università degli Studi di PADOVA,80006480281,"Università degli Studi di ROMA ""La Sapienza""",80209930587,1,9,0.1111111111111111,2026PJX9M8
SH5,Alma Mater Studiorum - Università di BOLOGNA,80007010376,Università degli Studi di PAVIA,80007270186,1,9,0.1111111111111111,2026P93X8R
SH5,Alma Mater Studiorum - Università di BOLOGNA,80007010376,Università degli Studi di TORINO,80088230018,1,9,0.1111111111111111,2026P8W4MY
SH5,Alma Mater Studiorum - Università di BOLOGNA,80007010376,"Università Telematica ""E-CAMPUS""",90027520130,1,9,0.1111111111111111,2026P93X8R
SH5,Alma Mater Studiorum - Università di BOLOGNA,80007010376,Università degli Studi del PIEMONTE ORIENTALE,94021400026,1,9,0.1111111111111111,2026P93X8R
SH5,Alma Mater Studiorum - Università di BOLOGNA,80007010376,I.U.S.S. - Istituto Universitario di Studi Superiori - PAVIA,96049740184,1,9,0.1111111111111111,2026PTH2J2
SH5,Alma Mater Studiorum - Università di BOLOGNA,80007010376,UNISR - Università Vita Salute San Raffaele,97187560152,1,9,0.1111111111111111,2026PTH2J2
SH5,Università degli Studi di PAVIA,80007270186,Università del SALENTO,80008870752,1,9,0.1111111111111111,2026PN4LPF
SH5,Università degli Studi di PAVIA,80007270186,"Università Telematica ""E-CAMPUS""",90027520130,1,9,0.1111111111111111,2026P93X8R
SH5,Università degli Studi di PAVIA,80007270186,Università degli Studi del PIEMONTE ORIENTALE,94021400026,1,9,0.1111111111111111,2026P93X8R
SH5,Università degli Studi di SALERNO,80018670655,"Università degli Studi di ROMA ""La Sapienza""",80209930587,1,9,0.1111111111111111,2026P8783L
SH5,Università degli Studi di PALERMO,80023730825,Università degli Studi di TORINO,80088230018,1,9,0.1111111111111111,2026PP99C8
SH5,Consiglio Nazionale delle Ricerche,80054330586,Università degli Studi di TORINO,80088230018,1,9,0.1111111111111111,2026PH9WNA
SH5,Consiglio Nazionale delle Ricerche,80054330586,"Università degli Studi di ROMA ""La Sapienza""",80209930587,1,9,0.1111111111111111,2026PH9WNA
SH5,Consiglio Nazionale delle Ricerche,80054330586,Università Telematica San Raffaele Roma,97471900155,1,9,0.1111111111111111,2026PH9WNA
SH5,Università degli Studi di TORINO,80088230018,"Università degli Studi di ROMA ""La Sapienza""",80209930587,1,9,0.1111111111111111,2026PH9WNA
SH5,Università degli Studi di TORINO,80088230018,Università Telematica San Raffaele Roma,97471900155,1,9,0.1111111111111111,2026PH9WNA
SH5,"Università degli Studi di ROMA ""La Sapienza""",80209930587,Università Telematica San Raffaele Roma,97471900155,1,9,0.1111111111111111,2026PH9WNA
SH5,"Università Telematica ""E-CAMPUS""",90027520130,Università degli Studi del PIEMONTE ORIENTALE,94021400026,1,9,0.1111111111111111,2026P93X8R
SH5,I.U.S.S. - Istituto Universitario di Studi Superiori - PAVIA,96049740184,UNISR - Università Vita Salute San Raffaele,97187560152,1,9,0.1111111111111111,2026PTH2J2
SH6,Università degli Studi di FIRENZE,01279680480,Università degli Studi di CATANIA,02772010878,2,9,0.2222222222222222,2026P3TTLE; 2026PLC5LA
SH6,Università degli Studi di FIRENZE,01279680480,Università degli Studi INSUBRIA Varese-Como,95039180120,2,9,0.2222222222222222,2026P3TTLE; 2026PLC5LA
SH6,Università degli Studi di CATANIA,02772010878,Università degli Studi INSUBRIA Varese-Como,95039180120,2,9,0.2222222222222222,2026P3TTLE; 2026PLC5LA
SH6,Università degli Studi ROMA TRE,04400441004,Alma Mater Studiorum - Università di BOLOGNA,80007010376,2,9,0.2222222222222222,2026PMHZJW; 2026PZNPN4
SH6,Università di PISA,80003670504,Alma Mater Studiorum - Università di BOLOGNA,80007010376,2,9,0.2222222222222222,2026PW7ZC9; 2026PZNPN4
SH6,"Università degli Studi di NAPOLI ""L'Orientale""",00297640633,Università degli Studi di GENOVA,00754150100,1,9,0.1111111111111111,2026PS9SLE
SH6,"Università degli Studi di NAPOLI ""L'Orientale""",00297640633,Università degli Studi di TORINO,80088230018,1,9,0.1111111111111111,2026PS9SLE
SH6,"Università degli Studi di NAPOLI ""L'Orientale""",00297640633,Università degli Studi del PIEMONTE ORIENTALE,94021400026,1,9,0.1111111111111111,2026PS9SLE
SH6,Università degli Studi di PARMA,00308780345,Università degli Studi di FIRENZE,01279680480,1,9,0.1111111111111111,2026P3TTLE
SH6,Università degli Studi di PARMA,00308780345,Università degli Studi di CATANIA,02772010878,1,9,0.1111111111111111,2026P3TTLE
SH6,Università degli Studi di PARMA,00308780345,Università di PISA,80003670504,1,9,0.1111111111111111,2026P3TTLE
SH6,Università degli Studi di PARMA,00308780345,Università degli Studi INSUBRIA Varese-Como,95039180120,1,9,0.1111111111111111,2026P3TTLE
SH6,Università degli Studi di TRENTO,00340520220,Università degli Studi dell'AQUILA,01021630668,1,9,0.1111111111111111,2026PM97LY
SH6,Università degli Studi di TRENTO,00340520220,Università degli Studi di SIENA,80002070524,1,9,0.1111111111111111,2026PM97LY
SH6,Università degli Studi di TRENTO,00340520220,Università degli Studi di PADOVA,80006480281,1,9,0.1111111111111111,2026PM97LY
SH6,Università degli Studi di TRENTO,00340520220,Università degli Studi di TORINO,80088230018,1,9,0.1111111111111111,2026PM97LY
SH6,Università degli Studi di MODENA e REGGIO EMILIA,00427620364,Università di PISA,80003670504,1,9,0.1111111111111111,2026PW7ZC9
SH6,Università degli Studi di MODENA e REGGIO EMILIA,00427620364,Alma Mater Studiorum - Università di BOLOGNA,80007010376,1,9,0.1111111111111111,2026PW7ZC9
SH6,Università degli Studi di MODENA e REGGIO EMILIA,00427620364,Università degli Studi di PALERMO,80023730825,1,9,0.1111111111111111,2026PW7ZC9
SH6,Università degli Studi di MODENA e REGGIO EMILIA,00427620364,Consiglio Nazionale delle Ricerche,80054330586,1,9,0.1111111111111111,2026PW7ZC9
SH6,Università degli Studi di GENOVA,00754150100,Università degli Studi di TORINO,80088230018,1,9,0.1111111111111111,2026PS9SLE
SH6,Università degli Studi di GENOVA,00754150100,Università degli Studi del PIEMONTE ORIENTALE,94021400026,1,9,0.1111111111111111,2026PS9SLE
SH6,Università degli Studi dell'AQUILA,01021630668,Università degli Studi di SIENA,80002070524,1,9,0.1111111111111111,2026PM97LY
SH6,Università degli Studi dell'AQUILA,01021630668,Università degli Studi di PADOVA,80006480281,1,9,0.1111111111111111,2026PM97LY
SH6,Università degli Studi dell'AQUILA,01021630668,Università degli Studi di TORINO,80088230018,1,9,0.1111111111111111,2026PM97LY
SH6,Università degli Studi di FIRENZE,01279680480,Università di PISA,80003670504,1,9,0.1111111111111111,2026P3TTLE
SH6,Università degli Studi di FIRENZE,01279680480,Università degli Studi di PADOVA,80006480281,1,9,0.1111111111111111,2026PLC5LA
SH6,Università degli Studi di FIRENZE,01279680480,Università degli Studi di FERRARA,80007370382,1,9,0.1111111111111111,2026PLC5LA
SH6,Università degli Studi di FIRENZE,01279680480,"Università degli Studi di ROMA ""La Sapienza""",80209930587,1,9,0.1111111111111111,2026PLC5LA
SH6,Università degli Studi di CATANIA,02772010878,Università di PISA,80003670504,1,9,0.1111111111111111,2026P3TTLE
SH6,Università degli Studi di CATANIA,02772010878,Università degli Studi di PADOVA,80006480281,1,9,0.1111111111111111,2026PLC5LA
SH6,Università degli Studi di CATANIA,02772010878,Università degli Studi di FERRARA,80007370382,1,9,0.1111111111111111,2026PLC5LA
SH6,Università degli Studi di CATANIA,02772010878,"Università degli Studi di ROMA ""La Sapienza""",80209930587,1,9,0.1111111111111111,2026PLC5LA
SH6,Università degli Studi ROMA TRE,04400441004,Università di PISA,80003670504,1,9,0.1111111111111111,2026PZNPN4
SH6,Università degli Studi ROMA TRE,04400441004,Università degli Studi di PADOVA,80006480281,1,9,0.1111111111111111,2026PZNPN4
SH6,Università degli Studi ROMA TRE,04400441004,Università degli Studi di SALERNO,80018670655,1,9,0.1111111111111111,2026PMHZJW
SH6,Università degli Studi ROMA TRE,04400441004,Scuola Superiore Meridionale,95315120634,1,9,0.1111111111111111,2026PMHZJW
SH6,Università degli Studi di SIENA,80002070524,Università degli Studi di PADOVA,80006480281,1,9,0.1111111111111111,2026PM97LY
SH6,Università degli Studi di SIENA,80002070524,Università degli Studi di TORINO,80088230018,1,9,0.1111111111111111,2026PM97LY
SH6,Università degli Studi di BARI ALDO MORO,80002170720,Università degli Studi di PALERMO,80023730825,1,9,0.1111111111111111,2026PNB5SZ
SH6,Università degli Studi di BARI ALDO MORO,80002170720,Università degli Studi di Urbino Carlo Bo,82002850418,1,9,0.1111111111111111,2026PNB5SZ
SH6,Università degli Studi di BARI ALDO MORO,80002170720,Università degli Studi di VERONA,93009870234,1,9,0.1111111111111111,2026PNB5SZ
SH6,Università di PISA,80003670504,Università degli Studi di PADOVA,80006480281,1,9,0.1111111111111111,2026PZNPN4
SH6,Università di PISA,80003670504,Università degli Studi di PALERMO,80023730825,1,9,0.1111111111111111,2026PW7ZC9
SH6,Università di PISA,80003670504,Consiglio Nazionale delle Ricerche,80054330586,1,9,0.1111111111111111,2026PW7ZC9
SH6,Università di PISA,80003670504,Università degli Studi INSUBRIA Varese-Como,95039180120,1,9,0.1111111111111111,2026P3TTLE
SH6,Università degli Studi di PADOVA,80006480281,Alma Mater Studiorum - Università di BOLOGNA,80007010376,1,9,0.1111111111111111,2026PZNPN4
SH6,Università degli Studi di PADOVA,80006480281,Università degli Studi di FERRARA,80007370382,1,9,0.1111111111111111,2026PLC5LA
SH6,Università degli Studi di PADOVA,80006480281,Università degli Studi di TORINO,80088230018,1,9,0.1111111111111111,2026PM97LY
SH6,Università degli Studi di PADOVA,80006480281,"Università degli Studi di ROMA ""La Sapienza""",80209930587,1,9,0.1111111111111111,2026PLC5LA
SH6,Università degli Studi di PADOVA,80006480281,Università degli Studi INSUBRIA Varese-Como,95039180120,1,9,0.1111111111111111,2026PLC5LA
SH6,Alma Mater Studiorum - Università di BOLOGNA,80007010376,Università degli Studi di SALERNO,80018670655,1,9,0.1111111111111111,2026PMHZJW
SH6,Alma Mater Studiorum - Università di BOLOGNA,80007010376,Università degli Studi di PALERMO,80023730825,1,9,0.1111111111111111,2026PW7ZC9
SH6,Alma Mater Studiorum - Università di BOLOGNA,80007010376,Consiglio Nazionale delle Ricerche,80054330586,1,9,0.1111111111111111,2026PW7ZC9
SH6,Alma Mater Studiorum - Università di BOLOGNA,80007010376,Scuola Superiore Meridionale,95315120634,1,9,0.1111111111111111,2026PMHZJW
SH6,Università degli Studi di PAVIA,80007270186,Università Ca' Foscari VENEZIA,80007720271,1,9,0.1111111111111111,2026P8CJTH
SH6,Università degli Studi di PAVIA,80007270186,Consiglio Nazionale delle Ricerche,80054330586,1,9,0.1111111111111111,2026P8CJTH
SH6,Università degli Studi di PAVIA,80007270186,Università degli Studi di TORINO,80088230018,1,9,0.1111111111111111,2026P8CJTH
SH6,Università degli Studi di PAVIA,80007270186,"Università degli Studi di ROMA ""La Sapienza""",80209930587,1,9,0.1111111111111111,2026P8CJTH
SH6,Università degli Studi di FERRARA,80007370382,"Università degli Studi di ROMA ""La Sapienza""",80209930587,1,9,0.1111111111111111,2026PLC5LA
SH6,Università degli Studi di FERRARA,80007370382,Università degli Studi INSUBRIA Varese-Como,95039180120,1,9,0.1111111111111111,2026PLC5LA
SH6,Università Ca' Foscari VENEZIA,80007720271,Consiglio Nazionale delle Ricerche,80054330586,1,9,0.1111111111111111,2026P8CJTH
SH6,Università Ca' Foscari VENEZIA,80007720271,Università degli Studi di TORINO,80088230018,1,9,0.1111111111111111,2026P8CJTH
SH6,Università Ca' Foscari VENEZIA,80007720271,"Università degli Studi di ROMA ""La Sapienza""",80209930587,1,9,0.1111111111111111,2026P8CJTH
SH6,Università degli Studi di SALERNO,80018670655,Scuola Superiore Meridionale,95315120634,1,9,0.1111111111111111,2026PMHZJW
SH6,Università degli Studi di PALERMO,80023730825,Consiglio Nazionale delle Ricerche,80054330586,1,9,0.1111111111111111,2026PW7ZC9
SH6,Università degli Studi di PALERMO,80023730825,Università degli Studi di Urbino Carlo Bo,82002850418,1,9,0.1111111111111111,2026PNB5SZ
SH6,Università degli Studi di PALERMO,80023730825,Università degli Studi di VERONA,93009870234,1,9,0.1111111111111111,2026PNB5SZ
SH6,Consiglio Nazionale delle Ricerche,80054330586,Università degli Studi di TORINO,80088230018,1,9,0.1111111111111111,2026P8CJTH
SH6,Consiglio Nazionale delle Ricerche,80054330586,"Università degli Studi di ROMA ""La Sapienza""",80209930587,1,9,0.1111111111111111,2026P8CJTH
SH6,Università degli Studi di TORINO,80088230018,"Università degli Studi di ROMA ""La Sapienza""",80209930587,1,9,0.1111111111111111,2026P8CJTH
SH6,Università degli Studi di TORINO,80088230018,Università degli Studi del PIEMONTE ORIENTALE,94021400026,1,9,0.1111111111111111,2026PS9SLE
SH6,"Università degli Studi di ROMA ""La Sapienza""",80209930587,Università degli Studi INSUBRIA Varese-Como,95039180120,1,9,0.1111111111111111,2026PLC5LA
SH6,Università degli Studi di Urbino Carlo Bo,82002850418,Università degli Studi di VERONA,93009870234,1,9,0.1111111111111111,2026PNB5SZ
